AU,FT_drone_s,LAANC_latency_ms,MSD,MS_s,NMR,PE,RID_CR,RTF,TTC_mean_s,TTC_median_s,TTC_p5_s,TTC_p95_s,VCU_handoff_rate,VCU_mean_occupancy,geofence_violations,method,peak_memory_mb,scenario,seed,tick_p50_ms,tick_p95_ms,tick_p99_ms,wall_clock_seconds
0.39444444444444443,276.0,nan,0.0,69.0,0.005555555555555556,1.0,0.0,34507.350063971935,nan,nan,nan,nan,nan,nan,0.0,cbs,nan,01_corridor_crossing,42,0.0002299998413946014,0.003539999852364417,0.02429120013402944,0.005216280000240658
0.39444444444444443,276.0,nan,0.0,69.0,0.005555555555555556,1.0,0.0,35014.86381034239,nan,nan,nan,nan,nan,nan,0.0,cbs,nan,01_corridor_crossing,43,0.00023000029614195228,0.003510000169626437,0.008273999719676692,0.005140673999903811
0.39444444444444443,276.0,nan,0.0,69.0,0.005555555555555556,1.0,0.0,29749.238709749723,nan,nan,nan,nan,nan,nan,0.0,cbs,nan,01_corridor_crossing,44,0.00021999994714860804,0.003749999905267032,0.014760799876967176,0.006050574999790115
0.4,284.0,nan,1.2941790156533557,71.0,0.005555555555555556,1.0,0.0,357076.2595814258,nan,nan,nan,nan,nan,nan,0.0,orca,nan,01_corridor_crossing,42,0.0002100000529026147,0.0062634499272462485,0.03165641010127733,0.0005040940000071714
0.4,284.0,nan,1.2941790156533557,71.0,0.005555555555555556,1.0,0.0,405367.0596409924,nan,nan,nan,nan,nan,nan,0.0,orca,nan,01_corridor_crossing,43,0.0002100000529026147,0.005289999990054639,0.007501899835915541,0.00044404200025383034
0.4,284.0,nan,1.2941790156533557,71.0,0.005555555555555556,1.0,0.0,429234.69849040214,nan,nan,nan,nan,nan,nan,0.0,orca,nan,01_corridor_crossing,44,0.0002100000529026147,0.005059999716650054,0.006688800322081081,0.0004193509998913214
1.0,304.0,107.68800437278762,4.820423326491362,77.0,0.001851851851851852,0.9697544980484626,1.0,29371.973362647463,14.822776811721976,16.219751779648654,0.0,26.969751779648657,0.022222222222222223,1.0037037037037035,0.0,sdacs_hybrid,nan,01_corridor_crossing,42,0.010265500122841331,0.09588950010765974,0.15677830011554766,0.00612829099964074
1.0,304.0,95.55316755725153,4.820423326491362,77.0,0.001851851851851852,0.9697544980484626,1.0,30703.81327675799,14.822776811721976,16.219751779648654,0.0,26.969751779648657,0.022222222222222223,1.0037037037037035,0.0,sdacs_hybrid,nan,01_corridor_crossing,43,0.012569999853440095,0.09325345035904314,0.13706189993627066,0.005862464000074397
1.0,304.0,97.55633260412198,4.820423326491362,77.0,0.001851851851851852,0.9697544980484626,1.0,31231.234150214997,14.822776811721976,16.219751779648654,0.0,26.969751779648657,0.022222222222222223,1.0037037037037035,0.0,sdacs_hybrid,nan,01_corridor_crossing,44,0.011484999959066045,0.09382054993238848,0.1153017999331496,0.00576346099978764
0.7347222222222223,527.0,nan,9.432095647288765,180.0,0.0,0.7456249829049068,0.0,21021.01646192257,nan,nan,nan,nan,nan,nan,0.0,vo,nan,01_corridor_crossing,42,0.048185999958150205,0.0802229499186069,0.09789179991457787,0.008562858999994205
0.7347222222222223,527.0,nan,9.432095647288765,180.0,0.0,0.7456249829049068,0.0,20986.40780255006,nan,nan,nan,nan,nan,nan,0.0,vo,nan,01_corridor_crossing,43,0.04783149984177726,0.07599955017667513,0.10555499975907892,0.00857698000027085
0.7347222222222223,527.0,nan,9.432095647288765,180.0,0.0,0.7456249829049068,0.0,20396.864050767494,nan,nan,nan,nan,nan,nan,0.0,vo,nan,01_corridor_crossing,44,0.04940149983667652,0.08440199990218385,0.11048010990180063,0.008824885999729304
0.29270833333333335,1092.0,nan,9.152340597579673,113.0,0.0,1.0,0.0,33909.71848486954,nan,nan,nan,nan,nan,nan,0.0,cbs,nan,02_dense_intersection,42,0.0004900002750218846,0.013080999906378565,0.02136259990948018,0.007077616999595193
0.30755208333333334,1149.0,nan,12.016789470183635,135.0,0.0,0.9999999999999998,0.0,37415.17862070324,nan,nan,nan,nan,nan,nan,0.0,cbs,nan,02_dense_intersection,43,0.0013799999578623101,0.013960999694972998,0.025357000140502316,0.006414509000023827
0.3875,1456.0,nan,11.022106511293652,123.0,0.0,0.9999999999999999,0.0,40294.17433735676,nan,nan,nan,nan,nan,nan,0.0,cbs,nan,02_dense_intersection,44,0.002219999714725418,0.012260999938007444,0.020502599909377736,0.005956195999715419
0.29375,1112.0,nan,10.654974267240435,115.0,0.0,1.0,0.0,146453.4467185224,nan,nan,nan,nan,nan,nan,0.0,orca,nan,02_dense_intersection,42,0.0005049998890171992,0.018924449977930635,0.043071999980384044,0.0016387460000260035
0.30859375,1169.0,nan,13.04244597496162,137.0,0.0,1.0,0.0,154177.93287954308,nan,nan,nan,nan,nan,nan,0.0,orca,nan,02_dense_intersection,43,0.0016849999155965634,0.015327449978030922,0.02797581000777421,0.0015566430001854314
0.38828125,1475.0,nan,9.944444901194721,124.0,0.0,1.0,0.0,132138.21659418833,nan,nan,nan,nan,nan,nan,0.0,orca,nan,02_dense_intersection,44,0.002570000106061343,0.01639849995171971,0.03227010024602344,0.0018162799997298862
1.0,1187.0,99.29726569634639,15.143255332049478,119.0,0.0,0.9883838528953944,1.0,19037.464221946135,22.181172679755456,11.265704608464723,0.4229491888718224,59.93951285415275,0.06666666666666667,4.0,0.0,sdacs_hybrid,nan,02_dense_intersection,42,0.06274650013438077,0.14163200014536412,0.24706461996629384,0.012606721000338439
1.0,1255.0,96.77734970559052,9.327175567871913,145.0,0.0,0.9873872604994277,1.0,16915.697450545813,28.192005282316874,23.950223826345145,0.0,57.58022183081032,0.06666666666666667,4.0,0.0,sdacs_hybrid,nan,02_dense_intersection,43,0.06395649984369811,0.138303000153428,0.1870502100746305,0.01418800499959616
1.0,1553.0,100.49722620901083,17.14779903239294,134.0,0.0,0.9897053946658154,1.0,18338.22798470905,27.23096159109133,26.691200585757873,0.9965630080469603,68.1574942126525,0.06666666666666667,4.016666666666667,0.0,sdacs_hybrid,nan,02_dense_intersection,44,0.06264200010264176,0.13277349989948556,0.18716710003900497,0.01308741499997268
0.33307291666666666,1263.0,nan,20.997346239100096,123.0,0.0,0.9395951212224087,0.0,3873.4543746827103,nan,nan,nan,nan,nan,nan,0.0,vo,nan,02_dense_intersection,42,0.04753150005853968,0.7966014999283288,0.836232009919513,0.061960198000178934
0.4078125,1552.0,nan,19.83687396816598,240.0,0.0,0.9036389954500474,0.0,3161.2078906966826,nan,nan,nan,nan,nan,nan,0.0,vo,nan,02_dense_intersection,43,0.14249900004870142,0.75801299988143,0.8206766000284914,0.07592034699973738
0.47708333333333336,1817.0,nan,12.172803606707902,240.0,0.0,0.9198408488106008,0.0,2664.554474345635,nan,nan,nan,nan,nan,nan,0.0,vo,nan,02_dense_intersection,44,0.3206440001122246,0.8486059497727183,0.9154111000270859,0.09007134299963582
0.25833333333333336,356.0,nan,22.41109639105165,65.0,0.0,1.0,0.0,33175.74241462979,nan,nan,nan,nan,nan,nan,0.0,cbs,nan,03_emergency_landing,42,0.00029000011636526324,0.005020000116928713,0.008191999950213245,0.00542565099976855
0.3090277777777778,429.0,nan,6.28142752546193,70.0,0.0,1.0,0.0,34255.66065206587,nan,nan,nan,nan,nan,nan,0.0,cbs,nan,03_emergency_landing,43,0.00034000004234258085,0.0053910002861812245,0.018140800148103094,0.005254606000107742
0.36666666666666664,512.0,nan,8.708110524969843,81.0,0.0,1.0,0.0,36572.231072050374,nan,nan,nan,nan,nan,nan,0.0,cbs,nan,03_emergency_landing,44,0.0003000000106112566,0.005449999662232585,0.009625999973650223,0.004921766999814281
0.25972222222222224,366.0,nan,21.802942085777097,66.0,0.0,1.0,0.0,312659.5865061692,nan,nan,nan,nan,nan,nan,0.0,orca,nan,03_emergency_landing,42,0.00034000004234258085,0.007831950051695454,0.010364600025241099,0.0005757060002906655
0.30972222222222223,438.0,nan,7.448611756725697,71.0,0.0,1.0,0.0,286826.5353172031,nan,nan,nan,nan,nan,nan,0.0,orca,nan,03_emergency_landing,43,0.0003000000106112566,0.008149549876179659,0.0142665998146187,0.0006275569999161235
0.36736111111111114,521.0,nan,9.269715283824894,82.0,0.0,1.0,0.0,261757.6443947692,nan,nan,nan,nan,nan,nan,0.0,orca,nan,03_emergency_landing,44,0.0003000000106112566,0.008203500124182026,0.009786799919311306,0.0006876590000501892
1.0,396.0,100.16578654046012,19.87999801473465,69.0,0.0,0.967435800307439,1.0,28391.628444038455,12.385441499664028,14.297908270033794,4.341674861964753,22.3416748831684,0.044444444444444446,2.051851851851852,0.0,sdacs_hybrid,nan,03_emergency_landing,42,0.0094600000011269,0.10534600014580063,0.13221150969457104,0.006339897000088968
1.0,460.0,96.15225271578538,10.210612494939022,73.0,0.0,0.9864139386267841,1.0,28571.7188227569,11.590629238451339,13.76927584347633,3.7753462681937044,24.494793903307347,0.044444444444444446,2.0,0.0,sdacs_hybrid,nan,03_emergency_landing,43,0.010185500059378683,0.10508305033454234,0.14836929983630406,0.006299936000232265
1.0,537.0,98.22085459722318,15.801662182306725,83.0,0.0,0.9945470373685698,1.0,26522.73661565635,15.58978593479311,13.406840603103827,1.5341370534290721,31.688311476421166,0.044444444444444446,2.0148148148148146,0.0,sdacs_hybrid,nan,03_emergency_landing,44,0.0408660002904071,0.099286499835216,0.12094058996353853,0.0067866300000787305
0.4395833333333333,627.0,nan,16.762640642921927,180.0,0.0,0.8527213330209729,0.0,10598.333011954997,nan,nan,nan,nan,nan,nan,0.0,vo,nan,03_emergency_landing,42,0.053391000164992874,0.22771554995415497,0.24982029995499033,0.01698380299967539
0.6173611111111111,884.0,nan,16.30742612542378,180.0,0.0,0.7337979891864466,0.0,7288.772880397404,nan,nan,nan,nan,nan,nan,0.0,vo,nan,03_emergency_landing,43,0.08184750004147645,0.25414055012333836,0.32790269989163795,0.02469551500007583
0.48333333333333334,689.0,nan,10.843420154308959,180.0,0.0,0.8947281212589685,0.0,8993.570047007193,nan,nan,nan,nan,nan,nan,0.0,vo,nan,03_emergency_landing,44,0.0340760000199225,0.25400750023436536,0.47573191001447446,0.020014299000195024
0.28958333333333336,540.0,nan,18.731146568297817,98.0,0.0,1.0,0.0,40242.217907943945,nan,nan,nan,nan,nan,nan,0.0,cbs,nan,04_no_fly_zone,42,0.00029000011636526324,0.005160000000614673,0.01650859976507483,0.005963886000245111
0.3453125,647.0,nan,12.016789470183635,105.0,0.0,0.9999999999999998,0.0,37803.22915098331,nan,nan,nan,nan,nan,nan,0.0,cbs,nan,04_no_fly_zone,43,0.00029000011636526324,0.006060000032448443,0.009078000039153255,0.0063486640001428896
0.41041666666666665,772.0,nan,11.022106511293652,122.0,0.0,1.0,0.0,41670.83375196421,nan,nan,nan,nan,nan,nan,0.0,cbs,nan,04_no_fly_zone,44,0.0011100000847363845,0.005789999704575166,0.019072999930358468,0.005759423999734281
0.290625,550.0,nan,18.150101609278664,99.0,0.0,1.0,0.0,304823.062925761,nan,nan,nan,nan,nan,nan,0.0,orca,nan,04_no_fly_zone,42,0.0003199997991032433,0.007776500137879336,0.013386400050876468,0.000787341999966884
0.3458333333333333,656.0,nan,13.04244597496162,107.0,0.0,0.9999999999999999,0.0,281804.5825646209,nan,nan,nan,nan,nan,nan,0.0,orca,nan,04_no_fly_zone,43,0.0003000000106112566,0.008592550079811188,0.010274089954691588,0.0008516540001437534
0.41041666666666665,780.0,nan,9.944444901194721,123.0,0.0,1.0,0.0,236824.65495766548,nan,nan,nan,nan,nan,nan,0.0,orca,nan,04_no_fly_zone,44,0.0015450000319106039,0.008831049854052253,0.01076579990240133,0.0010134080002899282
1.0,571.0,100.16578654046012,18.438754767584363,102.0,0.0,0.9911337544350289,1.0,27651.005598189764,20.030195212167577,20.03019573838412,2.030193633518023,38.03019573838406,0.03333333333333333,2.058333333333333,0.0,sdacs_hybrid,nan,04_no_fly_zone,42,0.012775499953932012,0.10078244997657743,0.14711381016240893,0.008679611999923509
1.0,684.0,96.15225271578538,9.327400360364658,114.0,0.0,0.9878297883944592,1.0,24890.871677408908,35.09604622713416,36.057012552193,3.7086537521571015,57.58024093890988,0.03333333333333333,2.0,0.0,sdacs_hybrid,nan,04_no_fly_zone,43,0.04894599987892434,0.1096974999654776,0.14866219987197826,0.009642088999953558
1.0,794.0,98.22085459722318,17.148018107290227,124.0,0.0,0.9968894000281887,1.0,24186.21694009267,23.638104933538404,23.361022546379836,3.25312926439864,44.992868949651594,0.03333333333333333,2.011111111111111,0.0,sdacs_hybrid,nan,04_no_fly_zone,44,0.048801000048115384,0.1033854999604955,0.15944100991418933,0.009923006999997597
0.46927083333333336,895.0,nan,13.733465399013339,240.0,0.0,0.8351390016203835,0.0,10165.09469132762,nan,nan,nan,nan,nan,nan,0.0,vo,nan,04_no_fly_zone,42,0.05147150000084366,0.22102749974237668,0.24733930009460886,0.023610207999809063
0.4114583333333333,782.0,nan,15.357008124996312,147.0,0.0,0.9295322997789506,0.0,11395.753287073858,nan,nan,nan,nan,nan,nan,0.0,vo,nan,04_no_fly_zone,43,0.05099200006952742,0.23056750019350145,0.24978000009014062,0.021060476999991806
0.4427083333333333,842.0,nan,24.62723729720151,125.0,0.0,0.9651888678430467,0.0,10236.076334699868,nan,nan,nan,nan,nan,nan,0.0,vo,nan,04_no_fly_zone,44,0.062141999706000206,0.23725099963485263,0.27968399997462257,0.02344648399957805
0.24722222222222223,866.0,nan,22.449967579930018,113.0,0.0,1.0,0.0,46975.52762920915,nan,nan,nan,nan,nan,nan,0.0,cbs,nan,05_weather_diversion,42,0.00038999996831989847,0.00794000015957863,0.021411000034277095,0.0063863039999887405
0.26388888888888884,926.0,nan,12.090487613250636,135.0,0.0,0.9999999999999999,0.0,49619.91968562314,nan,nan,nan,nan,nan,nan,0.0,cbs,nan,05_weather_diversion,43,0.00041000021155923605,0.00825000006443588,0.013700000181415817,0.006045958999948198
0.29055555555555557,1022.0,nan,11.054412043868766,122.0,0.0,1.0,0.0,49012.103864954755,nan,nan,nan,nan,nan,nan,0.0,cbs,nan,05_weather_diversion,44,0.0003800000740739051,0.00802000022304128,0.0107009996099805,0.006120937000105187
0.24805555555555558,881.0,nan,21.967507391690887,115.0,0.0,1.0,0.0,265585.2037203043,nan,nan,nan,nan,nan,nan,0.0,orca,nan,05_weather_diversion,42,0.0003800000740739051,0.011050050011363055,0.015079009790497358,0.0011295809999865014
0.265,942.0,nan,13.33387645522207,137.0,0.0,1.0,0.0,252399.26529061075,nan,nan,nan,nan,nan,nan,0.0,orca,nan,05_weather_diversion,43,0.00038999996831989847,0.010654550146682597,0.015624799993929614,0.0011885930002790701
0.291388888888889,1037.0,nan,11.89084976472706,123.0,0.0,1.0,0.0,229057.2918232319,nan,nan,nan,nan,nan,nan,0.0,orca,nan,05_weather_diversion,44,0.00038999996831989847,0.011812000161626202,0.020285999921725282,0.0013097159999233554
1.0,918.0,100.32547425153894,22.20660327377898,119.0,0.0,0.9940891696242455,1.0,18170.903525313475,20.03019517459851,20.03019573838412,2.0301934832417583,38.03019573838406,0.04,3.0,0.0,sdacs_hybrid,nan,05_weather_diversion,42,0.020850500050073606,0.1506169498952659,0.24445072995149444,0.016509911000412103
1.0,1001.0,95.96996378433244,9.422078875288141,145.0,0.0,0.984396713086478,1.0,22161.584842868684,38.290897814795564,55.06836034222947,3.3060366001846795,57.58025541213479,0.04,3.0,0.0,sdacs_hybrid,nan,05_weather_diversion,43,0.05506699994839437,0.12234550022185432,0.17329822984265733,0.013536938000015653
1.0,1082.0,106.17538192463502,18.345257767738232,124.0,0.0,0.9891136973212462,1.0,25115.02051574819,23.604932546956196,25.06957313838373,4.5626158245453325,45.511902719510566,0.04,3.01,0.0,sdacs_hybrid,nan,05_weather_diversion,44,0.013390500043897191,0.11292654978660722,0.1669705000722388,0.011945042999741418
0.2866666666666667,1020.0,nan,16.607233267837827,131.0,0.0,0.9258735238293063,0.0,7578.148902680056,nan,nan,nan,nan,nan,nan,0.0,vo,nan,05_weather_diversion,42,0.00258999989455333,0.46404604977396957,0.5069615898082701,0.0395875040003375
0.3919444444444445,1401.0,nan,26.400451445185503,300.0,0.0,0.8682421707657356,0.0,5740.942605769367,nan,nan,nan,nan,nan,nan,0.0,vo,nan,05_weather_diversion,43,0.07613200023115496,0.43913505014643306,0.4625727000438927,0.052256226999816136
0.48805555555555563,1748.0,nan,30.183367950886158,300.0,0.0,0.8214409473162428,0.0,4583.710750991542,nan,nan,nan,nan,nan,nan,0.0,vo,nan,05_weather_diversion,44,0.12245800007804064,0.46948849962973327,0.5038263002370513,0.06544915599988599
0.40937499999999993,1155.0,nan,34.42637561894815,152.0,0.0,1.0,0.0,37808.29712504133,nan,nan,nan,nan,nan,nan,0.0,cbs,nan,06_priority_aircraft,42,0.0033999999686784577,0.008649999927001772,0.0189889999091974,0.0063478130000476085
0.4388888888888889,1240.0,nan,15.326960861083467,181.0,0.0,1.0,0.0,38400.7741603609,nan,nan,nan,nan,nan,nan,0.0,cbs,nan,06_priority_aircraft,43,0.004649999937100802,0.00873099997988902,0.018062400158669268,0.006249873999877309
0.4826388888888889,1366.0,nan,15.608363807024062,162.0,0.0,1.0,0.0,35792.9716616626,nan,nan,nan,nan,nan,nan,0.0,cbs,nan,06_priority_aircraft,44,0.004660999820771394,0.00949100012803683,0.020964000032108715,0.006705227000111336
0.4111111111111111,1172.0,nan,33.667641497966045,153.0,0.0,1.0,0.0,169072.42637296137,nan,nan,nan,nan,nan,nan,0.0,orca,nan,06_priority_aircraft,42,0.004214999989926582,0.011592949749683612,0.01911860986638196,0.001419510000232549
0.4399305555555556,1255.0,nan,14.897223513452639,182.0,0.0,1.0,0.0,152974.10337309277,nan,nan,nan,nan,nan,nan,0.0,orca,nan,06_priority_aircraft,43,0.006125000027168426,0.012155500166954878,0.02614750997963703,0.0015688930002397683
0.4833333333333333,1380.0,nan,16.697116824256067,164.0,0.0,1.0,0.0,148907.85394967755,nan,nan,nan,nan,nan,nan,0.0,orca,nan,06_priority_aircraft,44,0.005959999953120132,0.012547500273285545,0.02310999980181805,0.0016117350000968145
1.0,1228.0,100.32547425153894,35.139526480150785,157.0,0.0,0.9876872964004008,1.0,17246.36241921927,30.762483206734416,30.76248320673441,8.262483206734522,53.262483206734316,0.05,3.0,0.0,sdacs_hybrid,nan,06_priority_aircraft,42,0.05861099998583086,0.12298400024519648,0.17704029992728462,0.013915977999658935
1.0,1306.0,95.96996378433244,15.53724002321999,188.0,0.0,0.990922165625975,1.0,15383.386685724663,22.799750552646884,19.582207928875892,1.3697818109209932,51.88157229181291,0.05,3.0,0.0,sdacs_hybrid,nan,06_priority_aircraft,43,0.06056199981685495,0.13431449974632415,0.18775111006561887,0.01560124600018753
1.0,1432.0,106.17538192463502,22.079565085035743,170.0,0.0,0.9904712104340246,1.0,16666.376162358396,29.592600645197656,29.84493524582853,1.0866317935122034,59.04604748842439,0.05,3.0166666666666666,0.0,sdacs_hybrid,nan,06_priority_aircraft,44,0.05950199988546956,0.1305949996549316,0.21138700013580092,0.014400251000097342
0.5048611111111111,1444.0,nan,12.038484025401914,240.0,0.0,0.9228756321501216,0.0,4294.386799852931,nan,nan,nan,nan,nan,nan,0.0,vo,nan,06_priority_aircraft,42,0.18296999996891827,0.4547014999616294,0.4822103102924302,0.0558869080000477
0.5461805555555556,1563.0,nan,49.492326998694,240.0,0.0,0.90548259894662,0.0,4161.795487346337,nan,nan,nan,nan,nan,nan,0.0,vo,nan,06_priority_aircraft,43,0.21055100000921811,0.443670550043862,0.46865408990015567,0.057667418000164616
0.6253472222222222,1792.0,nan,22.87002276316012,240.0,0.0,0.8997839210192745,0.0,3659.544131507314,nan,nan,nan,nan,nan,nan,0.0,vo,nan,06_priority_aircraft,44,0.3111385001375311,0.4560425500585552,0.4960839001205385,0.06558193899991238
0.24722222222222223,866.0,nan,18.731146568297817,113.0,0.0,1.0,0.0,50099.68166543266,nan,nan,nan,nan,nan,nan,0.0,cbs,nan,07_communication_loss,42,0.00040999975681188516,0.007760000244161347,0.015420999716297956,0.005988062000142236
0.26388888888888884,926.0,nan,12.016789470183635,135.0,0.0,0.9999999999999999,0.0,48512.68986908766,nan,nan,nan,nan,nan,nan,0.0,cbs,nan,07_communication_loss,43,0.00041000021155923605,0.008189999789465219,0.010320000001229346,0.006183948999932909
0.29055555555555557,1022.0,nan,11.022106511293652,122.0,0.0,1.0,0.0,53306.637369299526,nan,nan,nan,nan,nan,nan,0.0,cbs,nan,07_communication_loss,44,0.0003800000740739051,0.008170000000973232,0.01556999995955266,0.005627817000004143
0.24805555555555558,881.0,nan,18.150101609278664,115.0,0.0,1.0,0.0,248504.00585279547,nan,nan,nan,nan,nan,nan,0.0,orca,nan,07_communication_loss,42,0.00040999975681188516,0.011871499964399845,0.017428899886908687,0.0012072240001543832
0.265,942.0,nan,13.04244597496162,137.0,0.0,1.0,0.0,251057.7901637226,nan,nan,nan,nan,nan,nan,0.0,orca,nan,07_communication_loss,43,0.00038999996831989847,0.011211049809389808,0.013307399690347596,0.001194943999962561
0.291388888888889,1037.0,nan,9.944444901194721,123.0,0.0,1.0,0.0,202127.59507470846,nan,nan,nan,nan,nan,nan,0.0,orca,nan,07_communication_loss,44,0.00040999975681188516,0.013187950207793621,0.033587109687687175,0.0014842109999335662
1.0,918.0,100.32547425153894,18.438754767584363,119.0,0.0,0.9940891696233436,1.0,25251.37533675499,20.318956350710614,20.31895664809896,0.2900789875166225,40.3478327390704,0.04,3.0,0.0,sdacs_hybrid,nan,07_communication_loss,42,0.011221000022487715,0.10883800009651179,0.15234752999731352,0.011880541000209632
1.0,1001.0,95.96996378433244,9.327400360364658,145.0,0.0,0.9843967130779988,1.0,22180.70815130388,36.70397287499922,55.068358379818534,2.7901011525136505,57.5802388408236,0.04,3.0,0.0,sdacs_hybrid,nan,07_communication_loss,43,0.05481200014401111,0.12601605005784225,0.17443701011416088,0.013525267000204622
1.0,1082.0,106.17538192463502,17.14779976009346,124.0,0.0,0.9891136973207705,1.0,24709.095698275705,22.93214361460005,22.281221044017673,5.150654500916693,44.79073792894718,0.04,3.01,0.0,sdacs_hybrid,nan,07_communication_loss,44,0.012890499874629313,0.11400400026104765,0.17517481030154117,0.012141277999944577
0.2866666666666667,1020.0,nan,13.519787568882533,131.0,0.0,0.9258735238293063,0.0,7253.115902350361,nan,nan,nan,nan,nan,nan,0.0,vo,nan,07_communication_loss,42,0.0026400002752779983,0.4938835003940767,0.5411704996140543,0.04136153399986142
0.3919444444444445,1401.0,nan,24.50350706823792,300.0,0.0,0.8682421707657356,0.0,5664.815474236279,nan,nan,nan,nan,nan,nan,0.0,vo,nan,07_communication_loss,43,0.07612200033690897,0.45615849962814536,0.4853555901308937,0.052958476999720006
0.48805555555555563,1748.0,nan,27.00288996100293,300.0,0.0,0.8214409473162428,0.0,4155.584933690962,nan,nan,nan,nan,nan,nan,0.0,vo,nan,07_communication_loss,44,0.15028899974822707,0.5226895002806488,0.5907902197941436,0.07219200300005468
0.1756,10136.0,nan,0.15701852539359606,87.0,6.197654941373535e-06,1.0,0.0,5639.494841133813,nan,nan,nan,nan,nan,nan,0.0,cbs,nan,08_stress_high_density,42,0.005390000296756625,0.13201399997342378,6.119381000189605,0.05319625399988581
0.17390000000000003,10034.0,nan,0.20657690247517735,90.0,6.030150753768844e-06,1.0,0.0,6065.4193077567625,nan,nan,nan,nan,nan,nan,0.0,cbs,nan,08_stress_high_density,43,0.005280000095808646,0.2884279997488193,2.4229880000348203,0.04946071900030802
0.17656666666666665,10194.0,nan,0.05844492050270844,91.0,6.8676716917922945e-06,1.0,0.0,5682.187631646565,nan,nan,nan,nan,nan,nan,0.0,cbs,nan,08_stress_high_density,44,0.005390999831433874,0.130122999962623,6.105120000029274,0.05279656699985935
0.17650000000000002,10390.0,nan,1.5571749707997946,89.0,5.1926298157453935e-06,1.0,0.0,23265.73345283396,nan,nan,nan,nan,nan,nan,0.0,orca,nan,08_stress_high_density,42,0.005359999704523943,0.18018100008703192,0.2204386998391783,0.012894499999674736
0.17498333333333332,10299.0,nan,1.6682618158048317,91.0,5.527638190954774e-06,1.0,0.0,23212.751599418265,nan,nan,nan,nan,nan,nan,0.0,orca,nan,08_stress_high_density,43,0.005400999953053542,0.18570995023310388,0.2145363996896776,0.012923931000386801
0.17756666666666668,10454.0,nan,1.2608727935009787,92.0,6.700167504187605e-06,1.0,0.0,22920.963551661567,nan,nan,nan,nan,nan,nan,0.0,orca,nan,08_stress_high_density,44,0.0052099999265919905,0.18020999998498155,0.22526549023496045,0.0130884549998882
1.0,20656.0,99.5856748165082,2.4348312917005615,174.0,3.015075376884422e-06,0.9774921715280397,1.0,150.13281093761717,26.713435293888157,23.37851031283853,0.0,59.754960182068146,0.67,50.0,0.0,sdacs_hybrid,nan,08_stress_high_density,42,7.027430999869466,16.342569200332957,25.031489260118175,1.9982307539999056
1.0,20561.0,100.18526512757438,1.0286373994905107,179.0,2.512562814070352e-06,0.9781573708269697,1.0,141.87255784480382,21.1078765043694,17.14113191305289,0.0,54.779837555221846,0.67,50.0,0.0,sdacs_hybrid,nan,08_stress_high_density,43,7.205351000038718,18.030191049888348,23.003828160149162,2.114573844000006
1.0,20676.0,99.05945136649339,2.554900750734707,194.0,2.680067001675042e-06,0.9794833954631256,1.0,133.4569955344309,20.71022322865252,17.015368750675215,0.0,52.34242819147903,0.67,50.0,0.0,sdacs_hybrid,nan,08_stress_high_density,44,8.106930999929318,19.241454049983986,23.184921609718003,2.247915133999868
0.43555000000000005,43203.0,nan,1.7732834188065705,300.0,4.020100502512563e-06,0.4873176107812338,0.0,19.99114225138999,nan,nan,nan,nan,nan,nan,0.0,vo,nan,08_stress_high_density,42,112.92561900017972,122.65342799978498,125.37476754002455,15.006646255000305
0.10666666666666667,60000.0,nan,3.2012230692406463,300.0,2.0100502512562813e-06,0.7770948404503213,0.0,29.961237989908742,nan,nan,nan,nan,nan,nan,0.0,vo,nan,08_stress_high_density,43,335.14361900006406,415.2278844999273,445.6571097998676,10.012937385999976
0.11621666666666668,59707.0,nan,2.9612782966029685,300.0,1.507537688442211e-06,0.8038450004150337,0.0,29.683880334953486,nan,nan,nan,nan,nan,nan,0.0,vo,nan,08_stress_high_density,44,326.7550045000007,394.7724432501218,413.5402925701465,10.106495398000334
0.24641666666666664,2877.0,nan,0.5947504832890615,125.0,8.547008547008548e-06,1.0,0.0,29774.071369279096,nan,nan,nan,nan,nan,nan,0.0,cbs,nan,09_stress_failure_cascade,42,0.0014199999895936344,0.0287709999611252,0.0472310002805898,0.010075880999920628
0.24966666666666668,2916.0,nan,10.482559639374502,135.0,0.0,1.0,0.0,29322.085120984364,nan,nan,nan,nan,nan,nan,0.0,cbs,nan,09_stress_failure_cascade,43,0.0010399999155197293,0.02675099995030905,0.039260999983525835,0.010231195999949705
0.27458333333333335,3215.0,nan,9.11294071532309,128.0,0.0,1.0,0.0,24223.916191120177,nan,nan,nan,nan,nan,nan,0.0,cbs,nan,09_stress_failure_cascade,44,0.001690000317466911,0.031201000183500582,0.0459120001323754,0.012384455000301386
0.24733333333333335,2928.0,nan,2.149517068136799,126.0,4.273504273504274e-06,1.0,0.0,26053.605641186303,nan,nan,nan,nan,nan,nan,0.0,orca,nan,09_stress_failure_cascade,42,0.0010600001587590668,0.03726549996372342,0.08082457988165528,0.011514720999912242
0.2505,2966.0,nan,7.460142136314373,137.0,0.0,1.0,0.0,25926.052676172185,nan,nan,nan,nan,nan,nan,0.0,orca,nan,09_stress_failure_cascade,43,0.0011100000847363845,0.03774250014885183,0.09502734030318663,0.01157137199970748
0.2753333333333334,3264.0,nan,8.874007040055487,129.0,0.0,1.0,0.0,25184.744794654296,nan,nan,nan,nan,nan,nan,0.0,orca,nan,09_stress_failure_cascade,44,0.0010700000530050602,0.040634000060890685,0.09850204986376454,0.011911972999769205
1.0,3373.0,98.5529276231752,4.638540170922974,145.0,4.273504273504274e-06,0.9863311762984397,1.0,2476.522054979862,26.616786973254996,19.933087933911033,0.9588503525267158,66.89787894791355,0.13333333333333333,10.0,0.0,sdacs_hybrid,nan,09_stress_failure_cascade,42,0.12740299985125603,2.1952589999955343,6.203043459936451,0.1211376249998466
1.0,3413.0,100.75982688665371,5.1457857257225585,145.0,0.0,0.9877081035833812,1.0,3777.2739957441718,27.924226511718288,21.339141413317137,0.037074287526683056,65.152815313845,0.13333333333333333,10.0,0.0,sdacs_hybrid,nan,09_stress_failure_cascade,43,0.1317190001373092,1.0842050999144717,3.18418590033616,0.07942235600012282
1.0,3703.0,100.7938163318312,7.482984136918517,144.0,0.0,0.9885691427203092,1.0,3327.060530373317,31.91802393562806,26.28111501173681,0.0,84.87815629036601,0.13333333333333333,10.0,0.0,sdacs_hybrid,nan,09_stress_failure_cascade,44,0.1275384997825313,1.2318709998680788,3.8675325799249523,0.0901696850000917
0.35975,4281.0,nan,9.247173899455632,300.0,0.0,0.860235045003134,0.0,190.13930334862636,nan,nan,nan,nan,nan,nan,0.0,vo,nan,09_stress_failure_cascade,42,1.9164835000538005,16.34211935011081,17.854226220219967,1.5777905710001505
0.3223333333333333,3829.0,nan,6.6779995104391245,300.0,0.0,0.8891700393308515,0.0,221.82821111794925,nan,nan,nan,nan,nan,nan,0.0,vo,nan,09_stress_failure_cascade,43,0.464453499944284,15.43468674999531,24.064845769767075,1.352397869000015
0.33991666666666664,4040.0,nan,10.927651411617095,300.0,0.0,0.909792913662352,0.0,195.44446802385852,nan,nan,nan,nan,nan,nan,0.0,vo,nan,09_stress_failure_cascade,44,0.3519199999573175,16.026006249990132,20.209330960255993,1.5349628620001567
0.23711111111111108,2074.0,nan,3.639619330084514,125.0,7.662835249042145e-06,1.0,0.0,27840.054433028006,nan,nan,nan,nan,nan,nan,0.0,cbs,nan,10_stress_adversarial_swarm,42,0.000809999619377777,0.02291999999215477,0.03669100033221184,0.010775840999940556
0.24966666666666668,2187.0,nan,12.016789470183635,135.0,0.0,1.0,0.0,22813.46788550374,nan,nan,nan,nan,nan,nan,0.0,cbs,nan,10_stress_adversarial_swarm,43,0.0008200004231184721,0.02066999968519667,0.03292099972895812,0.01315012699978979
0.28222222222222226,2480.0,nan,11.022106511293652,128.0,0.0,1.0,0.0,21093.10517768183,nan,nan,nan,nan,nan,nan,0.0,cbs,nan,10_stress_adversarial_swarm,44,0.0011010001799149904,0.021299999843904516,0.030740999591216678,0.01422265699966374
0.23799999999999996,2112.0,nan,5.069569756800904,126.0,0.0,1.0,0.0,34638.748451529835,nan,nan,nan,nan,nan,nan,0.0,orca,nan,10_stress_adversarial_swarm,42,0.0009199998203257564,0.02878799996324233,0.051017200185015064,0.00866082099992127
0.2504444444444444,2224.0,nan,13.04244597496162,137.0,0.0,1.0,0.0,44464.87852591068,nan,nan,nan,nan,nan,nan,0.0,orca,nan,10_stress_adversarial_swarm,43,0.0008900001375877764,0.027546999808691908,0.04175041020062048,0.0067468980000739975
0.28311111111111115,2518.0,nan,9.944444901194721,129.0,0.0,1.0,0.0,42680.28793943919,nan,nan,nan,nan,nan,nan,0.0,orca,nan,10_stress_adversarial_swarm,44,0.0008299998626171146,0.029293950115061314,0.044962410302104995,0.0070290059998114884
1.0,2362.0,100.41417295789476,6.732274092374847,139.0,0.0,0.9873915764248998,1.0,4034.0718243956135,26.396166298526133,21.780208612088543,1.3395447398129527,59.939511036476574,0.1,7.5,0.0,sdacs_hybrid,nan,10_stress_adversarial_swarm,42,0.09716250019664585,0.9815347998710446,4.143365400059338,0.07436654900038775
1.0,2487.0,104.21938281019433,6.384942276524423,145.0,0.0,0.9869618263292125,1.0,5594.852556581755,25.70597580020923,19.969304483625,0.002381098168915155,57.58048024226909,0.1,7.5,0.0,sdacs_hybrid,nan,10_stress_adversarial_swarm,43,0.09976299998015747,0.6118235500252928,2.1406718101343323,0.05362071600029594
1.0,2784.0,100.48482851299559,9.97255034282511,144.0,0.0,0.9863730842020377,1.0,5349.460267998807,37.61797491914059,34.108190798079335,0.8937714160126146,88.31859910767109,0.1,7.5,0.0,sdacs_hybrid,nan,10_stress_adversarial_swarm,44,0.09647699994275172,0.5841669499432102,2.2709668101424536,0.05608042399990154
0.2928888888888889,2606.0,nan,15.911922029987565,173.0,0.0,0.9063401011523553,0.0,408.76866727464426,nan,nan,nan,nan,nan,nan,0.0,vo,nan,10_stress_adversarial_swarm,42,0.09181799987345585,10.413792049780568,12.114110190295808,0.7339114369997333
0.3145555555555556,2802.0,nan,9.704092233466268,300.0,0.0,0.9001181644336385,0.0,388.6935977085169,nan,nan,nan,nan,nan,nan,0.0,vo,nan,10_stress_adversarial_swarm,43,0.11985299988737097,9.843286049977,10.76549007016637,0.7718161600000712
0.3607777777777778,3218.0,nan,8.094975743698901,300.0,0.0,0.8994881809771887,0.0,337.9589561623039,nan,nan,nan,nan,nan,nan,0.0,vo,nan,10_stress_adversarial_swarm,44,0.2761279999958788,10.734232850177253,13.221325200238416,0.887681756999882
