agents_finished,agents_total,horizon_s,method,scenario,seed,tick_count,wall_clock_s
4,4,180.0,cbs,01_corridor_crossing,0,181,0.014767042000016772
4,4,180.0,cbs,01_corridor_crossing,1,181,0.01673376599990206
4,4,180.0,cbs,01_corridor_crossing,10,181,0.007924560999981622
4,4,180.0,cbs,01_corridor_crossing,11,181,0.00981549300001916
4,4,180.0,cbs,01_corridor_crossing,12,181,0.01342809400000533
4,4,180.0,cbs,01_corridor_crossing,13,181,0.004855684999938603
4,4,180.0,cbs,01_corridor_crossing,14,181,0.00783508899996832
4,4,180.0,cbs,01_corridor_crossing,15,181,0.008705272999918634
4,4,180.0,cbs,01_corridor_crossing,16,181,0.013793435000025056
4,4,180.0,cbs,01_corridor_crossing,17,181,0.01018061900003886
4,4,180.0,cbs,01_corridor_crossing,18,181,0.011303465999958462
4,4,180.0,cbs,01_corridor_crossing,19,181,0.010684143000048607
4,4,180.0,cbs,01_corridor_crossing,2,181,0.011621984000043994
4,4,180.0,cbs,01_corridor_crossing,20,181,0.00822529900005975
4,4,180.0,cbs,01_corridor_crossing,21,181,0.009754641999961677
4,4,180.0,cbs,01_corridor_crossing,22,181,0.007084526999960872
4,4,180.0,cbs,01_corridor_crossing,23,181,0.016643484999917746
4,4,180.0,cbs,01_corridor_crossing,24,181,0.010323888000016268
4,4,180.0,cbs,01_corridor_crossing,25,181,0.012460156999964056
4,4,180.0,cbs,01_corridor_crossing,26,181,0.005537864999951125
4,4,180.0,cbs,01_corridor_crossing,27,181,0.01679950599998392
4,4,180.0,cbs,01_corridor_crossing,28,181,0.0084260460000678
4,4,180.0,cbs,01_corridor_crossing,29,181,0.01611358900004234
4,4,180.0,cbs,01_corridor_crossing,3,181,0.008639291000008598
4,4,180.0,cbs,01_corridor_crossing,4,181,0.016418727999962357
4,4,180.0,cbs,01_corridor_crossing,5,181,0.007441307999897617
4,4,180.0,cbs,01_corridor_crossing,6,181,0.013707662999991044
4,4,180.0,cbs,01_corridor_crossing,7,181,0.008800055000051543
4,4,180.0,cbs,01_corridor_crossing,8,181,0.011724890999971649
4,4,180.0,cbs,01_corridor_crossing,9,181,0.023545506000004934
4,4,180.0,orca,01_corridor_crossing,0,180,0.0019483150000496607
4,4,180.0,orca,01_corridor_crossing,1,180,0.0018478119999372211
4,4,180.0,orca,01_corridor_crossing,10,180,0.0008880749999207183
4,4,180.0,orca,01_corridor_crossing,11,180,0.00045491200000924437
4,4,180.0,orca,01_corridor_crossing,12,180,0.0012104640001098232
4,4,180.0,orca,01_corridor_crossing,13,180,0.0033307429999922533
4,4,180.0,orca,01_corridor_crossing,14,180,0.0006070570000247244
4,4,180.0,orca,01_corridor_crossing,15,180,0.00046655300002385047
4,4,180.0,orca,01_corridor_crossing,16,180,0.004547217000094861
4,4,180.0,orca,01_corridor_crossing,17,180,0.0004747130000168909
4,4,180.0,orca,01_corridor_crossing,18,180,0.00047863400004644063
4,4,180.0,orca,01_corridor_crossing,19,180,0.004567276999978276
4,4,180.0,orca,01_corridor_crossing,2,180,0.0015718539999625136
4,4,180.0,orca,01_corridor_crossing,20,180,0.001790760000062619
4,4,180.0,orca,01_corridor_crossing,21,180,0.0006265580000217597
4,4,180.0,orca,01_corridor_crossing,22,180,0.00047758300001987664
4,4,180.0,orca,01_corridor_crossing,23,180,0.009523285000000214
4,4,180.0,orca,01_corridor_crossing,24,180,0.0004907040000716734
4,4,180.0,orca,01_corridor_crossing,25,180,0.0004752430000962704
4,4,180.0,orca,01_corridor_crossing,26,180,0.004944098000009944
4,4,180.0,orca,01_corridor_crossing,27,180,0.0007203110000091328
4,4,180.0,orca,01_corridor_crossing,28,180,0.0007537210000236882
4,4,180.0,orca,01_corridor_crossing,29,180,0.0078182879999531
4,4,180.0,orca,01_corridor_crossing,3,180,0.0014268590000483528
4,4,180.0,orca,01_corridor_crossing,4,180,0.00047951300007298414
4,4,180.0,orca,01_corridor_crossing,5,180,0.002270533000000796
4,4,180.0,orca,01_corridor_crossing,6,180,0.0004732040000590132
4,4,180.0,orca,01_corridor_crossing,7,180,0.00047256300001663476
4,4,180.0,orca,01_corridor_crossing,8,180,0.004812453999988975
4,4,180.0,orca,01_corridor_crossing,9,180,0.0004885529999683058
4,4,180.0,sdacs_hybrid,01_corridor_crossing,0,180,0.03209370799993394
4,4,180.0,sdacs_hybrid,01_corridor_crossing,1,180,0.024732830999937505
4,4,180.0,sdacs_hybrid,01_corridor_crossing,10,180,0.02267045300004611
4,4,180.0,sdacs_hybrid,01_corridor_crossing,11,180,0.022935179999990396
4,4,180.0,sdacs_hybrid,01_corridor_crossing,12,180,0.024940455999967526
4,4,180.0,sdacs_hybrid,01_corridor_crossing,13,180,0.028313956000033613
4,4,180.0,sdacs_hybrid,01_corridor_crossing,14,180,0.04067289499994331
4,4,180.0,sdacs_hybrid,01_corridor_crossing,15,180,0.03273499299996274
4,4,180.0,sdacs_hybrid,01_corridor_crossing,16,180,0.033230176999950345
4,4,180.0,sdacs_hybrid,01_corridor_crossing,17,180,0.04291876700006014
4,4,180.0,sdacs_hybrid,01_corridor_crossing,18,180,0.04268510300005346
4,4,180.0,sdacs_hybrid,01_corridor_crossing,19,180,0.029189063999979226
4,4,180.0,sdacs_hybrid,01_corridor_crossing,2,180,0.032684622000033414
4,4,180.0,sdacs_hybrid,01_corridor_crossing,20,180,0.02687099699994633
4,4,180.0,sdacs_hybrid,01_corridor_crossing,21,180,0.026080898000031993
4,4,180.0,sdacs_hybrid,01_corridor_crossing,22,180,0.028546485999981996
4,4,180.0,sdacs_hybrid,01_corridor_crossing,23,180,0.025638685999979316
4,4,180.0,sdacs_hybrid,01_corridor_crossing,24,180,0.02968235100001948
4,4,180.0,sdacs_hybrid,01_corridor_crossing,25,180,0.03284722000000784
4,4,180.0,sdacs_hybrid,01_corridor_crossing,26,180,0.04620067899998048
4,4,180.0,sdacs_hybrid,01_corridor_crossing,27,180,0.04547351899998375
4,4,180.0,sdacs_hybrid,01_corridor_crossing,28,180,0.030204432000005
4,4,180.0,sdacs_hybrid,01_corridor_crossing,29,180,0.031488888000012594
4,4,180.0,sdacs_hybrid,01_corridor_crossing,3,180,0.03400821899992934
4,4,180.0,sdacs_hybrid,01_corridor_crossing,4,180,0.03530050500000925
4,4,180.0,sdacs_hybrid,01_corridor_crossing,5,180,0.02456702500001029
4,4,180.0,sdacs_hybrid,01_corridor_crossing,6,180,0.020511181999950168
4,4,180.0,sdacs_hybrid,01_corridor_crossing,7,180,0.03518324100002701
4,4,180.0,sdacs_hybrid,01_corridor_crossing,8,180,0.03350768500001777
4,4,180.0,sdacs_hybrid,01_corridor_crossing,9,180,0.03908188999992035
2,4,180.0,vo,01_corridor_crossing,0,180,0.07297148500003914
2,4,180.0,vo,01_corridor_crossing,1,180,0.0607327789999772
2,4,180.0,vo,01_corridor_crossing,10,180,0.054645490999973845
2,4,180.0,vo,01_corridor_crossing,11,180,0.02657693100002234
2,4,180.0,vo,01_corridor_crossing,12,180,0.030735776999904374
2,4,180.0,vo,01_corridor_crossing,13,180,0.044976687000030324
2,4,180.0,vo,01_corridor_crossing,14,180,0.037229477999972005
2,4,180.0,vo,01_corridor_crossing,15,180,0.01708940599996822
2,4,180.0,vo,01_corridor_crossing,16,180,0.04912507100004859
2,4,180.0,vo,01_corridor_crossing,17,180,0.050302612999985286
2,4,180.0,vo,01_corridor_crossing,18,180,0.04255709000005936
2,4,180.0,vo,01_corridor_crossing,19,180,0.03686920799998461
2,4,180.0,vo,01_corridor_crossing,2,180,0.03911521099996662
2,4,180.0,vo,01_corridor_crossing,20,180,0.04163686900005814
2,4,180.0,vo,01_corridor_crossing,21,180,0.04338964000010037
2,4,180.0,vo,01_corridor_crossing,22,180,0.03889557499996954
2,4,180.0,vo,01_corridor_crossing,23,180,0.037036392000004525
2,4,180.0,vo,01_corridor_crossing,24,180,0.03690326000003097
2,4,180.0,vo,01_corridor_crossing,25,180,0.038970863000031386
2,4,180.0,vo,01_corridor_crossing,26,180,0.031437971000059406
2,4,180.0,vo,01_corridor_crossing,27,180,0.06404681999993045
2,4,180.0,vo,01_corridor_crossing,28,180,0.048640330000012
2,4,180.0,vo,01_corridor_crossing,29,180,0.04574258799993913
2,4,180.0,vo,01_corridor_crossing,3,180,0.03917976299999282
2,4,180.0,vo,01_corridor_crossing,4,180,0.04518402999997306
2,4,180.0,vo,01_corridor_crossing,5,180,0.034455671000046095
2,4,180.0,vo,01_corridor_crossing,6,180,0.03528207400006522
2,4,180.0,vo,01_corridor_crossing,7,180,0.044413698999960616
2,4,180.0,vo,01_corridor_crossing,8,180,0.05142765400000826
2,4,180.0,vo,01_corridor_crossing,9,180,0.03515110000000732
16,16,240.0,cbs,02_dense_intersection,0,241,0.01836355300008563
16,16,240.0,cbs,02_dense_intersection,1,241,0.01762993199997709
16,16,240.0,cbs,02_dense_intersection,10,241,0.015511283000023468
16,16,240.0,cbs,02_dense_intersection,11,241,0.01617319199999656
16,16,240.0,cbs,02_dense_intersection,12,241,0.01595208800006276
16,16,240.0,cbs,02_dense_intersection,13,241,0.013128784999935306
16,16,240.0,cbs,02_dense_intersection,14,241,0.017522119000091152
16,16,240.0,cbs,02_dense_intersection,15,241,0.007910979999905976
16,16,240.0,cbs,02_dense_intersection,16,241,0.026847019000001637
16,16,240.0,cbs,02_dense_intersection,17,241,0.019521028999974988
16,16,240.0,cbs,02_dense_intersection,18,241,0.010825591999946482
16,16,240.0,cbs,02_dense_intersection,19,241,0.014406780999934199
16,16,240.0,cbs,02_dense_intersection,2,241,0.00574661100006324
16,16,240.0,cbs,02_dense_intersection,20,241,0.008168946999944637
16,16,240.0,cbs,02_dense_intersection,21,241,0.011849789999928362
16,16,240.0,cbs,02_dense_intersection,22,241,0.014294838000068921
16,16,240.0,cbs,02_dense_intersection,23,241,0.01662368300003436
16,16,240.0,cbs,02_dense_intersection,24,241,0.0162659640000129
16,16,240.0,cbs,02_dense_intersection,25,241,0.01955621600006907
16,16,240.0,cbs,02_dense_intersection,26,241,0.012115163999965262
16,16,240.0,cbs,02_dense_intersection,27,241,0.0209499740000183
16,16,240.0,cbs,02_dense_intersection,28,241,0.02147537899998042
16,16,240.0,cbs,02_dense_intersection,29,241,0.023548926999978903
16,16,240.0,cbs,02_dense_intersection,3,241,0.007819167999969068
16,16,240.0,cbs,02_dense_intersection,4,241,0.01620663199992123
16,16,240.0,cbs,02_dense_intersection,5,241,0.009422461999974985
16,16,240.0,cbs,02_dense_intersection,6,241,0.014112950000026103
16,16,240.0,cbs,02_dense_intersection,7,241,0.022245781000037823
16,16,240.0,cbs,02_dense_intersection,8,241,0.015325567999980194
16,16,240.0,cbs,02_dense_intersection,9,241,0.010251093999954719
16,16,240.0,orca,02_dense_intersection,0,240,0.007545999999933883
16,16,240.0,orca,02_dense_intersection,1,240,0.008820205999995778
16,16,240.0,orca,02_dense_intersection,10,240,0.006043847999990248
16,16,240.0,orca,02_dense_intersection,11,240,0.011078398999984529
16,16,240.0,orca,02_dense_intersection,12,240,0.008658361000016157
16,16,240.0,orca,02_dense_intersection,13,240,0.007828111000094395
16,16,240.0,orca,02_dense_intersection,14,240,0.010757509999962167
16,16,240.0,orca,02_dense_intersection,15,240,0.017715804999966167
16,16,240.0,orca,02_dense_intersection,16,240,0.007908730999929503
16,16,240.0,orca,02_dense_intersection,17,240,0.001721458000019993
16,16,240.0,orca,02_dense_intersection,18,240,0.005747207000013077
16,16,240.0,orca,02_dense_intersection,19,240,0.005612945999928343
16,16,240.0,orca,02_dense_intersection,2,240,0.00757020100002137
16,16,240.0,orca,02_dense_intersection,20,240,0.008531788000027518
16,16,240.0,orca,02_dense_intersection,21,240,0.007566821000068558
16,16,240.0,orca,02_dense_intersection,22,240,0.00448944599997958
16,16,240.0,orca,02_dense_intersection,23,240,0.007946242000002712
16,16,240.0,orca,02_dense_intersection,24,240,0.008560809000073277
16,16,240.0,orca,02_dense_intersection,25,240,0.009767882999994981
16,16,240.0,orca,02_dense_intersection,26,240,0.00970198100003472
16,16,240.0,orca,02_dense_intersection,27,240,0.012878589000024476
16,16,240.0,orca,02_dense_intersection,28,240,0.007013025999981437
16,16,240.0,orca,02_dense_intersection,29,240,0.0076725939999278125
16,16,240.0,orca,02_dense_intersection,3,240,0.00973051099992972
16,16,240.0,orca,02_dense_intersection,4,240,0.005579950000083045
16,16,240.0,orca,02_dense_intersection,5,240,0.007763049000004685
16,16,240.0,orca,02_dense_intersection,6,240,0.017007293999995454
16,16,240.0,orca,02_dense_intersection,7,240,0.009730870999987928
16,16,240.0,orca,02_dense_intersection,8,240,0.0076315029999705075
16,16,240.0,orca,02_dense_intersection,9,240,0.008493836999946325
16,16,240.0,sdacs_hybrid,02_dense_intersection,0,240,0.0546245740000586
16,16,240.0,sdacs_hybrid,02_dense_intersection,1,240,0.05059896199998093
16,16,240.0,sdacs_hybrid,02_dense_intersection,10,240,0.05611633000000893
16,16,240.0,sdacs_hybrid,02_dense_intersection,11,240,0.05000359500002105
16,16,240.0,sdacs_hybrid,02_dense_intersection,12,240,0.07637130099999467
16,16,240.0,sdacs_hybrid,02_dense_intersection,13,240,0.06385774099999253
16,16,240.0,sdacs_hybrid,02_dense_intersection,14,240,0.10954957499995999
16,16,240.0,sdacs_hybrid,02_dense_intersection,15,240,0.08605479999994259
16,16,240.0,sdacs_hybrid,02_dense_intersection,16,240,0.12391471700004786
16,16,240.0,sdacs_hybrid,02_dense_intersection,17,240,0.08823484099991674
16,16,240.0,sdacs_hybrid,02_dense_intersection,18,240,0.09362323100003778
16,16,240.0,sdacs_hybrid,02_dense_intersection,19,240,0.08465811099995335
16,16,240.0,sdacs_hybrid,02_dense_intersection,2,240,0.056468504999998004
16,16,240.0,sdacs_hybrid,02_dense_intersection,20,240,0.07160823799995342
16,16,240.0,sdacs_hybrid,02_dense_intersection,21,240,0.06243187100005798
16,16,240.0,sdacs_hybrid,02_dense_intersection,22,240,0.04456289300003391
16,16,240.0,sdacs_hybrid,02_dense_intersection,23,240,0.08246363299997483
16,16,240.0,sdacs_hybrid,02_dense_intersection,24,240,0.062213925999913045
16,16,240.0,sdacs_hybrid,02_dense_intersection,25,240,0.06309553999994932
16,16,240.0,sdacs_hybrid,02_dense_intersection,26,240,0.060262028000011014
16,16,240.0,sdacs_hybrid,02_dense_intersection,27,240,0.0692735630000243
16,16,240.0,sdacs_hybrid,02_dense_intersection,28,240,0.07758418399998845
16,16,240.0,sdacs_hybrid,02_dense_intersection,29,240,0.06656674099997417
16,16,240.0,sdacs_hybrid,02_dense_intersection,3,240,0.091577314999995
16,16,240.0,sdacs_hybrid,02_dense_intersection,4,240,0.0932538750000731
16,16,240.0,sdacs_hybrid,02_dense_intersection,5,240,0.06727512600002683
16,16,240.0,sdacs_hybrid,02_dense_intersection,6,240,0.07280140099999244
16,16,240.0,sdacs_hybrid,02_dense_intersection,7,240,0.06087892199991529
16,16,240.0,sdacs_hybrid,02_dense_intersection,8,240,0.0745839190000197
16,16,240.0,sdacs_hybrid,02_dense_intersection,9,240,0.062281686999995145
14,16,240.0,vo,02_dense_intersection,0,240,0.3632180020000533
16,16,240.0,vo,02_dense_intersection,1,240,0.29273796600000423
15,16,240.0,vo,02_dense_intersection,10,240,0.36713695099990673
16,16,240.0,vo,02_dense_intersection,11,240,0.2714855680000028
15,16,240.0,vo,02_dense_intersection,12,240,0.3816036149999036
15,16,240.0,vo,02_dense_intersection,13,240,0.43592268500003684
16,16,240.0,vo,02_dense_intersection,14,240,0.44612243300002774
15,16,240.0,vo,02_dense_intersection,15,240,0.4836526529999219
15,16,240.0,vo,02_dense_intersection,16,240,0.41923303400005807
15,16,240.0,vo,02_dense_intersection,17,240,0.3432504690000542
15,16,240.0,vo,02_dense_intersection,18,240,0.3575242969999408
14,16,240.0,vo,02_dense_intersection,19,240,0.3618452680000246
16,16,240.0,vo,02_dense_intersection,2,240,0.2957789409999805
14,16,240.0,vo,02_dense_intersection,20,240,0.33139318399992135
16,16,240.0,vo,02_dense_intersection,21,240,0.31496336600002905
14,16,240.0,vo,02_dense_intersection,22,240,0.3148921929999915
15,16,240.0,vo,02_dense_intersection,23,240,0.33131462099993314
14,16,240.0,vo,02_dense_intersection,24,240,0.41465084200001456
15,16,240.0,vo,02_dense_intersection,25,240,0.3799528349999264
14,16,240.0,vo,02_dense_intersection,26,240,0.3798488150000594
13,16,240.0,vo,02_dense_intersection,27,240,0.4736921889999621
16,16,240.0,vo,02_dense_intersection,28,240,0.41894498600004226
12,16,240.0,vo,02_dense_intersection,29,240,0.49367254000003413
14,16,240.0,vo,02_dense_intersection,3,240,0.3564275920000455
15,16,240.0,vo,02_dense_intersection,4,240,0.2961741909999773
14,16,240.0,vo,02_dense_intersection,5,240,0.42689853900003527
15,16,240.0,vo,02_dense_intersection,6,240,0.3664972529999204
14,16,240.0,vo,02_dense_intersection,7,240,0.44534472099996947
15,16,240.0,vo,02_dense_intersection,8,240,0.31229915100004746
14,16,240.0,vo,02_dense_intersection,9,240,0.4284496370000852
8,8,180.0,cbs,03_emergency_landing,0,181,0.02272071799995956
8,8,180.0,cbs,03_emergency_landing,1,181,0.011916830999894046
8,8,180.0,cbs,03_emergency_landing,10,181,0.022890358000040578
8,8,180.0,cbs,03_emergency_landing,11,181,0.016307478000044284
8,8,180.0,cbs,03_emergency_landing,12,181,0.012748935999979949
8,8,180.0,cbs,03_emergency_landing,13,181,0.023865499999942585
8,8,180.0,cbs,03_emergency_landing,14,181,0.012059877000069719
8,8,180.0,cbs,03_emergency_landing,15,181,0.01498910700001943
8,8,180.0,cbs,03_emergency_landing,16,181,0.009836165000024266
8,8,180.0,cbs,03_emergency_landing,17,181,0.0156383859999778
8,8,180.0,cbs,03_emergency_landing,18,181,0.0195647259999987
8,8,180.0,cbs,03_emergency_landing,19,181,0.019870845000014015
8,8,180.0,cbs,03_emergency_landing,2,181,0.02958061499998621
8,8,180.0,cbs,03_emergency_landing,20,181,0.009782632999986163
8,8,180.0,cbs,03_emergency_landing,21,181,0.009803393999959553
8,8,180.0,cbs,03_emergency_landing,22,181,0.012184659000013198
8,8,180.0,cbs,03_emergency_landing,23,181,0.007603052000035859
8,8,180.0,cbs,03_emergency_landing,24,181,0.00993851700002324
8,8,180.0,cbs,03_emergency_landing,25,181,0.011121250999963195
8,8,180.0,cbs,03_emergency_landing,26,181,0.011098960000026636
8,8,180.0,cbs,03_emergency_landing,27,181,0.0103512389999878
8,8,180.0,cbs,03_emergency_landing,28,181,0.009792632999960915
8,8,180.0,cbs,03_emergency_landing,29,181,0.022604999999998654
8,8,180.0,cbs,03_emergency_landing,3,181,0.02248549199998706
8,8,180.0,cbs,03_emergency_landing,4,181,0.014508419999970101
8,8,180.0,cbs,03_emergency_landing,5,181,0.015838971999983187
8,8,180.0,cbs,03_emergency_landing,6,181,0.017071751999992557
8,8,180.0,cbs,03_emergency_landing,7,181,0.014930505999927846
8,8,180.0,cbs,03_emergency_landing,8,181,0.01711101199998666
8,8,180.0,cbs,03_emergency_landing,9,181,0.015598055000054956
8,8,180.0,orca,03_emergency_landing,0,180,0.0007240600000386621
8,8,180.0,orca,03_emergency_landing,1,180,0.0037071829999604233
8,8,180.0,orca,03_emergency_landing,10,180,0.008757823999985703
8,8,180.0,orca,03_emergency_landing,11,180,0.005030219999980545
8,8,180.0,orca,03_emergency_landing,12,180,0.006022837999921649
8,8,180.0,orca,03_emergency_landing,13,180,0.00070490999996764
8,8,180.0,orca,03_emergency_landing,14,180,0.0006221969999842258
8,8,180.0,orca,03_emergency_landing,15,180,0.00987197599999945
8,8,180.0,orca,03_emergency_landing,16,180,0.006950971000037498
8,8,180.0,orca,03_emergency_landing,17,180,0.0010088479999694755
8,8,180.0,orca,03_emergency_landing,18,180,0.0006907990000399877
8,8,180.0,orca,03_emergency_landing,19,180,0.0006837689999201757
8,8,180.0,orca,03_emergency_landing,2,180,0.0037533820000135165
8,8,180.0,orca,03_emergency_landing,20,180,0.0006053270000165867
8,8,180.0,orca,03_emergency_landing,21,180,0.0007515309999917008
8,8,180.0,orca,03_emergency_landing,22,180,0.0006277480000562718
8,8,180.0,orca,03_emergency_landing,23,180,0.0068438770000511795
8,8,180.0,orca,03_emergency_landing,24,180,0.0006265670000402679
8,8,180.0,orca,03_emergency_landing,25,180,0.0006875699999682183
8,8,180.0,orca,03_emergency_landing,26,180,0.0006793290000359775
8,8,180.0,orca,03_emergency_landing,27,180,0.0067206069999201645
8,8,180.0,orca,03_emergency_landing,28,180,0.0030177339999681863
8,8,180.0,orca,03_emergency_landing,29,180,0.006861128999958055
8,8,180.0,orca,03_emergency_landing,3,180,0.0027544769999394703
8,8,180.0,orca,03_emergency_landing,4,180,0.0007233800000676638
8,8,180.0,orca,03_emergency_landing,5,180,0.005991136999909941
8,8,180.0,orca,03_emergency_landing,6,180,0.004753152000034788
8,8,180.0,orca,03_emergency_landing,7,180,0.0072313219999387
8,8,180.0,orca,03_emergency_landing,8,180,0.0025651419999803693
8,8,180.0,orca,03_emergency_landing,9,180,0.005442652000056114
8,8,180.0,sdacs_hybrid,03_emergency_landing,0,180,0.03184588799990706
8,8,180.0,sdacs_hybrid,03_emergency_landing,1,180,0.03020079300006273
8,8,180.0,sdacs_hybrid,03_emergency_landing,10,180,0.04510480800001915
8,8,180.0,sdacs_hybrid,03_emergency_landing,11,180,0.04275885800007018
8,8,180.0,sdacs_hybrid,03_emergency_landing,12,180,0.03951581199999055
8,8,180.0,sdacs_hybrid,03_emergency_landing,13,180,0.025578094000024976
8,8,180.0,sdacs_hybrid,03_emergency_landing,14,180,0.04383969299999535
8,8,180.0,sdacs_hybrid,03_emergency_landing,15,180,0.041008413999975346
8,8,180.0,sdacs_hybrid,03_emergency_landing,16,180,0.031746928999950796
8,8,180.0,sdacs_hybrid,03_emergency_landing,17,180,0.03230875099995956
8,8,180.0,sdacs_hybrid,03_emergency_landing,18,180,0.030148910999969303
8,8,180.0,sdacs_hybrid,03_emergency_landing,19,180,0.032313890999944306
8,8,180.0,sdacs_hybrid,03_emergency_landing,2,180,0.023565787000052296
8,8,180.0,sdacs_hybrid,03_emergency_landing,20,180,0.03238108400000783
8,8,180.0,sdacs_hybrid,03_emergency_landing,21,180,0.035914531999992505
8,8,180.0,sdacs_hybrid,03_emergency_landing,22,180,0.029831332999947335
8,8,180.0,sdacs_hybrid,03_emergency_landing,23,180,0.04730528899995079
8,8,180.0,sdacs_hybrid,03_emergency_landing,24,180,0.040415488000007826
8,8,180.0,sdacs_hybrid,03_emergency_landing,25,180,0.03974811599994155
8,8,180.0,sdacs_hybrid,03_emergency_landing,26,180,0.03925331200002802
8,8,180.0,sdacs_hybrid,03_emergency_landing,27,180,0.022614561000068534
8,8,180.0,sdacs_hybrid,03_emergency_landing,28,180,0.037392202999967594
8,8,180.0,sdacs_hybrid,03_emergency_landing,29,180,0.03745115399999577
8,8,180.0,sdacs_hybrid,03_emergency_landing,3,180,0.05484668999997666
8,8,180.0,sdacs_hybrid,03_emergency_landing,4,180,0.03303092099997684
8,8,180.0,sdacs_hybrid,03_emergency_landing,5,180,0.037390502999983255
8,8,180.0,sdacs_hybrid,03_emergency_landing,6,180,0.037757843000008506
8,8,180.0,sdacs_hybrid,03_emergency_landing,7,180,0.06357749300002524
8,8,180.0,sdacs_hybrid,03_emergency_landing,8,180,0.049480340000059186
8,8,180.0,sdacs_hybrid,03_emergency_landing,9,180,0.035623877000034554
6,8,180.0,vo,03_emergency_landing,0,180,0.10762249200001861
8,8,180.0,vo,03_emergency_landing,1,180,0.06181231400000797
7,8,180.0,vo,03_emergency_landing,10,180,0.09159470500003408
7,8,180.0,vo,03_emergency_landing,11,180,0.08058284799994908
7,8,180.0,vo,03_emergency_landing,12,180,0.09147946200005208
7,8,180.0,vo,03_emergency_landing,13,180,0.07956764900006874
8,8,180.0,vo,03_emergency_landing,14,180,0.06613411499995436
6,8,180.0,vo,03_emergency_landing,15,180,0.0856074420000823
7,8,180.0,vo,03_emergency_landing,16,180,0.06573147300002802
7,8,180.0,vo,03_emergency_landing,17,180,0.07625861700000769
6,8,180.0,vo,03_emergency_landing,18,180,0.12015487700000449
7,8,180.0,vo,03_emergency_landing,19,180,0.058009668000067904
7,8,180.0,vo,03_emergency_landing,2,180,0.07030983100003141
6,8,180.0,vo,03_emergency_landing,20,180,0.09614883200003987
8,8,180.0,vo,03_emergency_landing,21,180,0.06756002899999203
6,8,180.0,vo,03_emergency_landing,22,180,0.07095132900008139
7,8,180.0,vo,03_emergency_landing,23,180,0.06338045799998326
7,8,180.0,vo,03_emergency_landing,24,180,0.08305965600004583
8,8,180.0,vo,03_emergency_landing,25,180,0.05901998599995295
8,8,180.0,vo,03_emergency_landing,26,180,0.05145859599997493
7,8,180.0,vo,03_emergency_landing,27,180,0.12445401200000106
7,8,180.0,vo,03_emergency_landing,28,180,0.09308206700006849
6,8,180.0,vo,03_emergency_landing,29,180,0.10565924299999097
8,8,180.0,vo,03_emergency_landing,3,180,0.051739673000042785
7,8,180.0,vo,03_emergency_landing,4,180,0.08407679800006918
5,8,180.0,vo,03_emergency_landing,5,180,0.11293412000009084
5,8,180.0,vo,03_emergency_landing,6,180,0.10472936099995422
8,8,180.0,vo,03_emergency_landing,7,180,0.05205751200003306
8,8,180.0,vo,03_emergency_landing,8,180,0.05736285000000407
8,8,180.0,vo,03_emergency_landing,9,180,0.07080026500000258
8,8,240.0,cbs,04_no_fly_zone,0,241,0.014196485999946162
8,8,240.0,cbs,04_no_fly_zone,1,241,0.012424766999970416
8,8,240.0,cbs,04_no_fly_zone,10,241,0.012603671000078975
8,8,240.0,cbs,04_no_fly_zone,11,241,0.011101139000061266
8,8,240.0,cbs,04_no_fly_zone,12,241,0.02299009599994406
8,8,240.0,cbs,04_no_fly_zone,13,241,0.016780147999952533
8,8,240.0,cbs,04_no_fly_zone,14,241,0.007429047000073297
8,8,240.0,cbs,04_no_fly_zone,15,241,0.015884327999970083
8,8,240.0,cbs,04_no_fly_zone,16,241,0.020165101999964463
8,8,240.0,cbs,04_no_fly_zone,17,241,0.009248858000091786
8,8,240.0,cbs,04_no_fly_zone,18,241,0.014764990999992733
8,8,240.0,cbs,04_no_fly_zone,19,241,0.009678850000000239
8,8,240.0,cbs,04_no_fly_zone,2,241,0.015240664999964793
8,8,240.0,cbs,04_no_fly_zone,20,241,0.010656746999984534
8,8,240.0,cbs,04_no_fly_zone,21,241,0.02024413399999503
8,8,240.0,cbs,04_no_fly_zone,22,241,0.01026963699996486
8,8,240.0,cbs,04_no_fly_zone,23,241,0.01319943799990142
8,8,240.0,cbs,04_no_fly_zone,24,241,0.012321484000040073
8,8,240.0,cbs,04_no_fly_zone,25,241,0.014593447000038395
8,8,240.0,cbs,04_no_fly_zone,26,241,0.015637156000025243
8,8,240.0,cbs,04_no_fly_zone,27,241,0.009111489000019901
8,8,240.0,cbs,04_no_fly_zone,28,241,0.006527492000031998
8,8,240.0,cbs,04_no_fly_zone,29,241,0.019327418999978363
8,8,240.0,cbs,04_no_fly_zone,3,241,0.011280025000019123
8,8,240.0,cbs,04_no_fly_zone,4,241,0.01714139900002465
8,8,240.0,cbs,04_no_fly_zone,5,241,0.0058513139999831765
8,8,240.0,cbs,04_no_fly_zone,6,241,0.02270350399999188
8,8,240.0,cbs,04_no_fly_zone,7,241,0.01133596599993325
8,8,240.0,cbs,04_no_fly_zone,8,241,0.00989576599999964
8,8,240.0,cbs,04_no_fly_zone,9,241,0.008444375999943077
8,8,240.0,orca,04_no_fly_zone,0,240,0.0010163790000206063
8,8,240.0,orca,04_no_fly_zone,1,240,0.0010759799999959796
8,8,240.0,orca,04_no_fly_zone,10,240,0.009056633000000147
8,8,240.0,orca,04_no_fly_zone,11,240,0.0008634040000288223
8,8,240.0,orca,04_no_fly_zone,12,240,0.005057956999962698
8,8,240.0,orca,04_no_fly_zone,13,240,0.0009441160000278614
8,8,240.0,orca,04_no_fly_zone,14,240,0.0025059200000896453
8,8,240.0,orca,04_no_fly_zone,15,240,0.003031114999998863
8,8,240.0,orca,04_no_fly_zone,16,240,0.0008175930000788867
8,8,240.0,orca,04_no_fly_zone,17,240,0.0030001439999978174
8,8,240.0,orca,04_no_fly_zone,18,240,0.010329207999916434
8,8,240.0,orca,04_no_fly_zone,19,240,0.002895750999982738
8,8,240.0,orca,04_no_fly_zone,2,240,0.001138341999990189
8,8,240.0,orca,04_no_fly_zone,20,240,0.0068958229999225296
8,8,240.0,orca,04_no_fly_zone,21,240,0.008187815000042065
8,8,240.0,orca,04_no_fly_zone,22,240,0.0038550680000071225
8,8,240.0,orca,04_no_fly_zone,23,240,0.0010686100000611987
8,8,240.0,orca,04_no_fly_zone,24,240,0.0009424059999219025
8,8,240.0,orca,04_no_fly_zone,25,240,0.0009624770000300487
8,8,240.0,orca,04_no_fly_zone,26,240,0.0009219659999644136
8,8,240.0,orca,04_no_fly_zone,27,240,0.0060722389999909865
8,8,240.0,orca,04_no_fly_zone,28,240,0.005391110000005028
8,8,240.0,orca,04_no_fly_zone,29,240,0.003420375000018794
8,8,240.0,orca,04_no_fly_zone,3,240,0.010574225000027582
8,8,240.0,orca,04_no_fly_zone,4,240,0.0014986320001071363
8,8,240.0,orca,04_no_fly_zone,5,240,0.008393544000000475
8,8,240.0,orca,04_no_fly_zone,6,240,0.009628057999975681
8,8,240.0,orca,04_no_fly_zone,7,240,0.0009638169999561796
8,8,240.0,orca,04_no_fly_zone,8,240,0.0008957850000115286
8,8,240.0,orca,04_no_fly_zone,9,240,0.0031742779999603954
8,8,240.0,sdacs_hybrid,04_no_fly_zone,0,240,0.06835330800004158
8,8,240.0,sdacs_hybrid,04_no_fly_zone,1,240,0.0493060339999829
8,8,240.0,sdacs_hybrid,04_no_fly_zone,10,240,0.054674945999977353
8,8,240.0,sdacs_hybrid,04_no_fly_zone,11,240,0.04512477800005854
8,8,240.0,sdacs_hybrid,04_no_fly_zone,12,240,0.04902033200005462
8,8,240.0,sdacs_hybrid,04_no_fly_zone,13,240,0.043319033999978274
8,8,240.0,sdacs_hybrid,04_no_fly_zone,14,240,0.04282145899992429
8,8,240.0,sdacs_hybrid,04_no_fly_zone,15,240,0.027912124999943444
8,8,240.0,sdacs_hybrid,04_no_fly_zone,16,240,0.05494709300000977
8,8,240.0,sdacs_hybrid,04_no_fly_zone,17,240,0.06199219899997388
8,8,240.0,sdacs_hybrid,04_no_fly_zone,18,240,0.04489331000002039
8,8,240.0,sdacs_hybrid,04_no_fly_zone,19,240,0.04824670499999684
8,8,240.0,sdacs_hybrid,04_no_fly_zone,2,240,0.0577065049999419
8,8,240.0,sdacs_hybrid,04_no_fly_zone,20,240,0.03649630799998249
8,8,240.0,sdacs_hybrid,04_no_fly_zone,21,240,0.049523210999950606
8,8,240.0,sdacs_hybrid,04_no_fly_zone,22,240,0.03970854800002144
8,8,240.0,sdacs_hybrid,04_no_fly_zone,23,240,0.034672906999958286
8,8,240.0,sdacs_hybrid,04_no_fly_zone,24,240,0.05768000299997311
8,8,240.0,sdacs_hybrid,04_no_fly_zone,25,240,0.044567092999955094
8,8,240.0,sdacs_hybrid,04_no_fly_zone,26,240,0.03297398000006524
8,8,240.0,sdacs_hybrid,04_no_fly_zone,27,240,0.05065701299997727
8,8,240.0,sdacs_hybrid,04_no_fly_zone,28,240,0.08027984900002139
8,8,240.0,sdacs_hybrid,04_no_fly_zone,29,240,0.08092702700002974
8,8,240.0,sdacs_hybrid,04_no_fly_zone,3,240,0.047969158999990213
8,8,240.0,sdacs_hybrid,04_no_fly_zone,4,240,0.046987790999992285
8,8,240.0,sdacs_hybrid,04_no_fly_zone,5,240,0.03455981799993424
8,8,240.0,sdacs_hybrid,04_no_fly_zone,6,240,0.03778730399994856
8,8,240.0,sdacs_hybrid,04_no_fly_zone,7,240,0.0536831470000152
8,8,240.0,sdacs_hybrid,04_no_fly_zone,8,240,0.05832436600007895
8,8,240.0,sdacs_hybrid,04_no_fly_zone,9,240,0.04351056300004075
6,8,240.0,vo,04_no_fly_zone,0,240,0.14849216200002502
8,8,240.0,vo,04_no_fly_zone,1,240,0.106920993000017
7,8,240.0,vo,04_no_fly_zone,10,240,0.10909721299992725
7,8,240.0,vo,04_no_fly_zone,11,240,0.0835644249999632
7,8,240.0,vo,04_no_fly_zone,12,240,0.07947536899996521
7,8,240.0,vo,04_no_fly_zone,13,240,0.10779377599999407
7,8,240.0,vo,04_no_fly_zone,14,240,0.08705260900001122
8,8,240.0,vo,04_no_fly_zone,15,240,0.07637598100006926
7,8,240.0,vo,04_no_fly_zone,16,240,0.07634179899991977
6,8,240.0,vo,04_no_fly_zone,17,240,0.12127385700000559
8,8,240.0,vo,04_no_fly_zone,18,240,0.06385137099994154
6,8,240.0,vo,04_no_fly_zone,19,240,0.11604905699994106
7,8,240.0,vo,04_no_fly_zone,2,240,0.12773545300001388
8,8,240.0,vo,04_no_fly_zone,20,240,0.07934545299997353
8,8,240.0,vo,04_no_fly_zone,21,240,0.08343550699999014
6,8,240.0,vo,04_no_fly_zone,22,240,0.09493927899995924
6,8,240.0,vo,04_no_fly_zone,23,240,0.09350575800010574
6,8,240.0,vo,04_no_fly_zone,24,240,0.09750540099992122
6,8,240.0,vo,04_no_fly_zone,25,240,0.11601519700002427
8,8,240.0,vo,04_no_fly_zone,26,240,0.08578859900001135
6,8,240.0,vo,04_no_fly_zone,27,240,0.13187638900001275
7,8,240.0,vo,04_no_fly_zone,28,240,0.11911426200003916
7,8,240.0,vo,04_no_fly_zone,29,240,0.11175586699994255
7,8,240.0,vo,04_no_fly_zone,3,240,0.09131171699993956
6,8,240.0,vo,04_no_fly_zone,4,240,0.16898630299999695
6,8,240.0,vo,04_no_fly_zone,5,240,0.12593408299994735
7,8,240.0,vo,04_no_fly_zone,6,240,0.10026411699993787
8,8,240.0,vo,04_no_fly_zone,7,240,0.08516418299996076
8,8,240.0,vo,04_no_fly_zone,8,240,0.07023718899995401
8,8,240.0,vo,04_no_fly_zone,9,240,0.09270121600002312
12,12,300.0,cbs,05_weather_diversion,0,301,0.009596883000085654
12,12,300.0,cbs,05_weather_diversion,1,301,0.010680277999995269
12,12,300.0,cbs,05_weather_diversion,10,301,0.015576534000047104
12,12,300.0,cbs,05_weather_diversion,11,301,0.015538452999976471
12,12,300.0,cbs,05_weather_diversion,12,301,0.004242689000079736
12,12,300.0,cbs,05_weather_diversion,13,301,0.0160886890000711
12,12,300.0,cbs,05_weather_diversion,14,301,0.005070291000038196
12,12,300.0,cbs,05_weather_diversion,15,301,0.009294178999994074
12,12,300.0,cbs,05_weather_diversion,16,301,0.0075657510000155526
12,12,300.0,cbs,05_weather_diversion,17,301,0.011011637000024166
12,12,300.0,cbs,05_weather_diversion,18,301,0.008241999999995642
12,12,300.0,cbs,05_weather_diversion,19,301,0.017000954000081947
12,12,300.0,cbs,05_weather_diversion,2,301,0.017489977999957773
12,12,300.0,cbs,05_weather_diversion,20,301,0.011303485999974328
12,12,300.0,cbs,05_weather_diversion,21,301,0.0132544500000904
12,12,300.0,cbs,05_weather_diversion,22,301,0.021383377000006476
12,12,300.0,cbs,05_weather_diversion,23,301,0.01319807800007311
12,12,300.0,cbs,05_weather_diversion,24,301,0.017113946999984364
12,12,300.0,cbs,05_weather_diversion,25,301,0.014231186000074558
12,12,300.0,cbs,05_weather_diversion,26,301,0.016247183000018595
12,12,300.0,cbs,05_weather_diversion,27,301,0.014839833999985785
12,12,300.0,cbs,05_weather_diversion,28,301,0.021844068999939736
12,12,300.0,cbs,05_weather_diversion,29,301,0.005520674999957009
12,12,300.0,cbs,05_weather_diversion,3,301,0.010666557000035937
12,12,300.0,cbs,05_weather_diversion,4,301,0.015615526000033242
12,12,300.0,cbs,05_weather_diversion,5,301,0.006092150000085894
12,12,300.0,cbs,05_weather_diversion,6,301,0.016196101999980783
12,12,300.0,cbs,05_weather_diversion,7,301,0.011928712999974778
12,12,300.0,cbs,05_weather_diversion,8,301,0.021162903999993432
12,12,300.0,cbs,05_weather_diversion,9,301,0.020072910000067168
12,12,300.0,orca,05_weather_diversion,0,300,0.004067222999992737
12,12,300.0,orca,05_weather_diversion,1,300,0.010046361000036086
12,12,300.0,orca,05_weather_diversion,10,300,0.0056416570000692445
12,12,300.0,orca,05_weather_diversion,11,300,0.004559837000101652
12,12,300.0,orca,05_weather_diversion,12,300,0.009617077999905632
12,12,300.0,orca,05_weather_diversion,13,300,0.006118861000004472
12,12,300.0,orca,05_weather_diversion,14,300,0.006812539999941691
12,12,300.0,orca,05_weather_diversion,15,300,0.004355391999979474
12,12,300.0,orca,05_weather_diversion,16,300,0.007447817999945983
12,12,300.0,orca,05_weather_diversion,17,300,0.0028623099999549595
12,12,300.0,orca,05_weather_diversion,18,300,0.003388023999946199
12,12,300.0,orca,05_weather_diversion,19,300,0.005263417000037407
12,12,300.0,orca,05_weather_diversion,2,300,0.00534891899997092
12,12,300.0,orca,05_weather_diversion,20,300,0.005004220000046189
12,12,300.0,orca,05_weather_diversion,21,300,0.0030776260000493494
12,12,300.0,orca,05_weather_diversion,22,300,0.004219677000037336
12,12,300.0,orca,05_weather_diversion,23,300,0.002727676000063184
12,12,300.0,orca,05_weather_diversion,24,300,0.005328147999989596
12,12,300.0,orca,05_weather_diversion,25,300,0.0043484409999337
12,12,300.0,orca,05_weather_diversion,26,300,0.005185184999959347
12,12,300.0,orca,05_weather_diversion,27,300,0.009409413000071254
12,12,300.0,orca,05_weather_diversion,28,300,0.009029519000023356
12,12,300.0,orca,05_weather_diversion,29,300,0.007434066999962852
12,12,300.0,orca,05_weather_diversion,3,300,0.007371926000018902
12,12,300.0,orca,05_weather_diversion,4,300,0.004940207999993618
12,12,300.0,orca,05_weather_diversion,5,300,0.005283678000068903
12,12,300.0,orca,05_weather_diversion,6,300,0.007191910999949869
12,12,300.0,orca,05_weather_diversion,7,300,0.004597397999987152
12,12,300.0,orca,05_weather_diversion,8,300,0.00119312300000729
12,12,300.0,orca,05_weather_diversion,9,300,0.005482282999992094
12,12,300.0,sdacs_hybrid,05_weather_diversion,0,300,0.06691728700002386
12,12,300.0,sdacs_hybrid,05_weather_diversion,1,300,0.06667521500003204
12,12,300.0,sdacs_hybrid,05_weather_diversion,10,300,0.049972567999930106
12,12,300.0,sdacs_hybrid,05_weather_diversion,11,300,0.05845752100003665
12,12,300.0,sdacs_hybrid,05_weather_diversion,12,300,0.06384080099996936
12,12,300.0,sdacs_hybrid,05_weather_diversion,13,300,0.03929382600006193
12,12,300.0,sdacs_hybrid,05_weather_diversion,14,300,0.049107170000070255
12,12,300.0,sdacs_hybrid,05_weather_diversion,15,300,0.06374593800001094
12,12,300.0,sdacs_hybrid,05_weather_diversion,16,300,0.0674378709999246
12,12,300.0,sdacs_hybrid,05_weather_diversion,17,300,0.06009405699990111
12,12,300.0,sdacs_hybrid,05_weather_diversion,18,300,0.07323540300001241
12,12,300.0,sdacs_hybrid,05_weather_diversion,19,300,0.05930404200000794
12,12,300.0,sdacs_hybrid,05_weather_diversion,2,300,0.0556240109999635
12,12,300.0,sdacs_hybrid,05_weather_diversion,20,300,0.05824062400006369
12,12,300.0,sdacs_hybrid,05_weather_diversion,21,300,0.06997375099990677
12,12,300.0,sdacs_hybrid,05_weather_diversion,22,300,0.04414604099997632
12,12,300.0,sdacs_hybrid,05_weather_diversion,23,300,0.08460568899999998
12,12,300.0,sdacs_hybrid,05_weather_diversion,24,300,0.07167316400000345
12,12,300.0,sdacs_hybrid,05_weather_diversion,25,300,0.07585606600002848
12,12,300.0,sdacs_hybrid,05_weather_diversion,26,300,0.06751684300002125
12,12,300.0,sdacs_hybrid,05_weather_diversion,27,300,0.07124647699993147
12,12,300.0,sdacs_hybrid,05_weather_diversion,28,300,0.053833252000003995
12,12,300.0,sdacs_hybrid,05_weather_diversion,29,300,0.049404578999997284
12,12,300.0,sdacs_hybrid,05_weather_diversion,3,300,0.06022304299995085
12,12,300.0,sdacs_hybrid,05_weather_diversion,4,300,0.06597019699995599
12,12,300.0,sdacs_hybrid,05_weather_diversion,5,300,0.06255856099994617
12,12,300.0,sdacs_hybrid,05_weather_diversion,6,300,0.07536244699997496
12,12,300.0,sdacs_hybrid,05_weather_diversion,7,300,0.08311166199996478
12,12,300.0,sdacs_hybrid,05_weather_diversion,8,300,0.05082699299998694
12,12,300.0,sdacs_hybrid,05_weather_diversion,9,300,0.07973077099995862
12,12,300.0,vo,05_weather_diversion,0,300,0.1704946759999757
12,12,300.0,vo,05_weather_diversion,1,300,0.17340367999997852
11,12,300.0,vo,05_weather_diversion,10,300,0.21691289000000324
11,12,300.0,vo,05_weather_diversion,11,300,0.19846436300008463
9,12,300.0,vo,05_weather_diversion,12,300,0.30106510799998887
12,12,300.0,vo,05_weather_diversion,13,300,0.20130623500006095
11,12,300.0,vo,05_weather_diversion,14,300,0.23927055499996186
11,12,300.0,vo,05_weather_diversion,15,300,0.2013205950000838
11,12,300.0,vo,05_weather_diversion,16,300,0.25075843900003747
8,12,300.0,vo,05_weather_diversion,17,300,0.3559483590000809
11,12,300.0,vo,05_weather_diversion,18,300,0.20223804499994458
11,12,300.0,vo,05_weather_diversion,19,300,0.18982771499997853
11,12,300.0,vo,05_weather_diversion,2,300,0.19462249299999712
11,12,300.0,vo,05_weather_diversion,20,300,0.18520429199998034
11,12,300.0,vo,05_weather_diversion,21,300,0.19040842599997632
10,12,300.0,vo,05_weather_diversion,22,300,0.20826625900008366
10,12,300.0,vo,05_weather_diversion,23,300,0.24740608100000827
10,12,300.0,vo,05_weather_diversion,24,300,0.33422576800001025
10,12,300.0,vo,05_weather_diversion,25,300,0.3161217230000375
12,12,300.0,vo,05_weather_diversion,26,300,0.29039323000006334
11,12,300.0,vo,05_weather_diversion,27,300,0.33432232500001646
12,12,300.0,vo,05_weather_diversion,28,300,0.2831479679999802
10,12,300.0,vo,05_weather_diversion,29,300,0.2354564490000257
11,12,300.0,vo,05_weather_diversion,3,300,0.2640141650000487
10,12,300.0,vo,05_weather_diversion,4,300,0.30421327599992765
10,12,300.0,vo,05_weather_diversion,5,300,0.3200879979999627
10,12,300.0,vo,05_weather_diversion,6,300,0.3089528479999899
11,12,300.0,vo,05_weather_diversion,7,300,0.24659014400003798
10,12,300.0,vo,05_weather_diversion,8,300,0.245138771000029
11,12,300.0,vo,05_weather_diversion,9,300,0.23022564200005036
12,12,240.0,cbs,06_priority_aircraft,0,241,0.01655434199994943
12,12,240.0,cbs,06_priority_aircraft,1,241,0.004187076999983219
12,12,240.0,cbs,06_priority_aircraft,10,241,0.020297305000099186
12,12,240.0,cbs,06_priority_aircraft,11,241,0.01919259500004955
12,12,240.0,cbs,06_priority_aircraft,12,241,0.009893576000081339
12,12,240.0,cbs,06_priority_aircraft,13,241,0.010735579999959555
12,12,240.0,cbs,06_priority_aircraft,14,241,0.022359362999964105
12,12,240.0,cbs,06_priority_aircraft,15,241,0.011871541000004981
12,12,240.0,cbs,06_priority_aircraft,16,241,0.018654649999916728
12,12,240.0,cbs,06_priority_aircraft,17,241,0.007552020999924025
12,12,240.0,cbs,06_priority_aircraft,18,241,0.00881140499996036
12,12,240.0,cbs,06_priority_aircraft,19,241,0.011735876999978245
12,12,240.0,cbs,06_priority_aircraft,2,241,0.006259345000103167
12,12,240.0,cbs,06_priority_aircraft,20,241,0.008927769000024455
12,12,240.0,cbs,06_priority_aircraft,21,241,0.014451214000018808
12,12,240.0,cbs,06_priority_aircraft,22,241,0.014753920999964976
12,12,240.0,cbs,06_priority_aircraft,23,241,0.01993239600005836
12,12,240.0,cbs,06_priority_aircraft,24,241,0.006514431000027798
12,12,240.0,cbs,06_priority_aircraft,25,241,0.006001496999942901
12,12,240.0,cbs,06_priority_aircraft,26,241,0.010226626000076067
12,12,240.0,cbs,06_priority_aircraft,27,241,0.023093293999977504
12,12,240.0,cbs,06_priority_aircraft,28,241,0.007454198000004908
12,12,240.0,cbs,06_priority_aircraft,29,241,0.012334283999962281
12,12,240.0,cbs,06_priority_aircraft,3,241,0.01909229199998208
12,12,240.0,cbs,06_priority_aircraft,4,241,0.017641711999999643
12,12,240.0,cbs,06_priority_aircraft,5,241,0.015409819999945285
12,12,240.0,cbs,06_priority_aircraft,6,241,0.007166119999965304
12,12,240.0,cbs,06_priority_aircraft,7,241,0.018533896999997523
12,12,240.0,cbs,06_priority_aircraft,8,241,0.010037300000021787
12,12,240.0,cbs,06_priority_aircraft,9,241,0.056463000000007924
12,12,240.0,orca,06_priority_aircraft,0,240,0.0065656930000841385
12,12,240.0,orca,06_priority_aircraft,1,240,0.011679076000064015
12,12,240.0,orca,06_priority_aircraft,10,240,0.00166454599991539
12,12,240.0,orca,06_priority_aircraft,11,240,0.0058450629999242665
12,12,240.0,orca,06_priority_aircraft,12,240,0.010663356999998541
12,12,240.0,orca,06_priority_aircraft,13,240,0.00502259999996113
12,12,240.0,orca,06_priority_aircraft,14,240,0.007617568000000574
12,12,240.0,orca,06_priority_aircraft,15,240,0.005621976999918843
12,12,240.0,orca,06_priority_aircraft,16,240,0.00930938999999853
12,12,240.0,orca,06_priority_aircraft,17,240,0.009816214000011314
12,12,240.0,orca,06_priority_aircraft,18,240,0.0017082169999866892
12,12,240.0,orca,06_priority_aircraft,19,240,0.003169028000002072
12,12,240.0,orca,06_priority_aircraft,2,240,0.009721130999992056
12,12,240.0,orca,06_priority_aircraft,20,240,0.009769136999921102
12,12,240.0,orca,06_priority_aircraft,21,240,0.005645627000035347
12,12,240.0,orca,06_priority_aircraft,22,240,0.011358417000110421
12,12,240.0,orca,06_priority_aircraft,23,240,0.010542734000068776
12,12,240.0,orca,06_priority_aircraft,24,240,0.008917558000007375
12,12,240.0,orca,06_priority_aircraft,25,240,0.007839739000019108
12,12,240.0,orca,06_priority_aircraft,26,240,0.011433507999981884
12,12,240.0,orca,06_priority_aircraft,27,240,0.0097927740000614
12,12,240.0,orca,06_priority_aircraft,28,240,0.0050894009999638
12,12,240.0,orca,06_priority_aircraft,29,240,0.006362983999906646
12,12,240.0,orca,06_priority_aircraft,3,240,0.010048849999975573
12,12,240.0,orca,06_priority_aircraft,4,240,0.0054151209999417915
12,12,240.0,orca,06_priority_aircraft,5,240,0.007904281000037372
12,12,240.0,orca,06_priority_aircraft,6,240,0.0017739889999575098
12,12,240.0,orca,06_priority_aircraft,7,240,0.003682042000036745
12,12,240.0,orca,06_priority_aircraft,8,240,0.007613083000023835
12,12,240.0,orca,06_priority_aircraft,9,240,0.010744050000084826
12,12,240.0,sdacs_hybrid,06_priority_aircraft,0,240,0.06338011799994092
12,12,240.0,sdacs_hybrid,06_priority_aircraft,1,240,0.0627663710000661
12,12,240.0,sdacs_hybrid,06_priority_aircraft,10,240,0.06836096699998961
12,12,240.0,sdacs_hybrid,06_priority_aircraft,11,240,0.0715594160000137
12,12,240.0,sdacs_hybrid,06_priority_aircraft,12,240,0.0658198659999698
12,12,240.0,sdacs_hybrid,06_priority_aircraft,13,240,0.09105088500007241
12,12,240.0,sdacs_hybrid,06_priority_aircraft,14,240,0.07562960400002794
12,12,240.0,sdacs_hybrid,06_priority_aircraft,15,240,0.07033629199997904
12,12,240.0,sdacs_hybrid,06_priority_aircraft,16,240,0.07477540899992619
12,12,240.0,sdacs_hybrid,06_priority_aircraft,17,240,0.07333854499995596
12,12,240.0,sdacs_hybrid,06_priority_aircraft,18,240,0.0774644719999742
12,12,240.0,sdacs_hybrid,06_priority_aircraft,19,240,0.060399824999990415
12,12,240.0,sdacs_hybrid,06_priority_aircraft,2,240,0.05932204400005503
12,12,240.0,sdacs_hybrid,06_priority_aircraft,20,240,0.06927749600004063
12,12,240.0,sdacs_hybrid,06_priority_aircraft,21,240,0.04588982899997518
12,12,240.0,sdacs_hybrid,06_priority_aircraft,22,240,0.046774827999911395
12,12,240.0,sdacs_hybrid,06_priority_aircraft,23,240,0.07150817000001553
12,12,240.0,sdacs_hybrid,06_priority_aircraft,24,240,0.07309776900001452
12,12,240.0,sdacs_hybrid,06_priority_aircraft,25,240,0.05774223000003076
12,12,240.0,sdacs_hybrid,06_priority_aircraft,26,240,0.05995086199993693
12,12,240.0,sdacs_hybrid,06_priority_aircraft,27,240,0.08176329100001567
12,12,240.0,sdacs_hybrid,06_priority_aircraft,28,240,0.08555863700007649
12,12,240.0,sdacs_hybrid,06_priority_aircraft,29,240,0.056445677000056094
12,12,240.0,sdacs_hybrid,06_priority_aircraft,3,240,0.051176827000062985
12,12,240.0,sdacs_hybrid,06_priority_aircraft,4,240,0.03721003800001199
12,12,240.0,sdacs_hybrid,06_priority_aircraft,5,240,0.08136246999993091
12,12,240.0,sdacs_hybrid,06_priority_aircraft,6,240,0.06866941500004486
12,12,240.0,sdacs_hybrid,06_priority_aircraft,7,240,0.06939249600009134
12,12,240.0,sdacs_hybrid,06_priority_aircraft,8,240,0.07151143400005822
12,12,240.0,sdacs_hybrid,06_priority_aircraft,9,240,0.05366745699996045
11,12,240.0,vo,06_priority_aircraft,0,240,0.22302796199994646
9,12,240.0,vo,06_priority_aircraft,1,240,0.31058980000000247
9,12,240.0,vo,06_priority_aircraft,10,240,0.28012231699995027
11,12,240.0,vo,06_priority_aircraft,11,240,0.2227357030000121
10,12,240.0,vo,06_priority_aircraft,12,240,0.2648298970000269
11,12,240.0,vo,06_priority_aircraft,13,240,0.2565990180000881
12,12,240.0,vo,06_priority_aircraft,14,240,0.24727127700009532
12,12,240.0,vo,06_priority_aircraft,15,240,0.23367951800003084
11,12,240.0,vo,06_priority_aircraft,16,240,0.2277999440000258
11,12,240.0,vo,06_priority_aircraft,17,240,0.26465642300001946
11,12,240.0,vo,06_priority_aircraft,18,240,0.23527486299997236
10,12,240.0,vo,06_priority_aircraft,19,240,0.2454213799999252
10,12,240.0,vo,06_priority_aircraft,2,240,0.2871020159999489
11,12,240.0,vo,06_priority_aircraft,20,240,0.21905973000002632
11,12,240.0,vo,06_priority_aircraft,21,240,0.22037964800006193
10,12,240.0,vo,06_priority_aircraft,22,240,0.2020343709999679
12,12,240.0,vo,06_priority_aircraft,23,240,0.195299738000017
9,12,240.0,vo,06_priority_aircraft,24,240,0.3001058509998984
11,12,240.0,vo,06_priority_aircraft,25,240,0.20029505299999073
11,12,240.0,vo,06_priority_aircraft,26,240,0.23027395300005082
12,12,240.0,vo,06_priority_aircraft,27,240,0.2057316189999483
10,12,240.0,vo,06_priority_aircraft,28,240,0.3097243750000871
10,12,240.0,vo,06_priority_aircraft,29,240,0.27991954799995256
12,12,240.0,vo,06_priority_aircraft,3,240,0.21086197600004652
11,12,240.0,vo,06_priority_aircraft,4,240,0.24748556300005475
11,12,240.0,vo,06_priority_aircraft,5,240,0.24474279699995805
9,12,240.0,vo,06_priority_aircraft,6,240,0.29865252000001874
11,12,240.0,vo,06_priority_aircraft,7,240,0.28780428799996116
12,12,240.0,vo,06_priority_aircraft,8,240,0.2624111499999344
10,12,240.0,vo,06_priority_aircraft,9,240,0.22719356700008575
12,12,300.0,cbs,07_communication_loss,0,301,0.014501845000040703
12,12,300.0,cbs,07_communication_loss,1,301,0.015555711999923005
12,12,300.0,cbs,07_communication_loss,10,301,0.009605928000041786
12,12,300.0,cbs,07_communication_loss,11,301,0.011592512999982318
12,12,300.0,cbs,07_communication_loss,12,301,0.017339044000095782
12,12,300.0,cbs,07_communication_loss,13,301,0.009215917000005902
12,12,300.0,cbs,07_communication_loss,14,301,0.006494071000020085
12,12,300.0,cbs,07_communication_loss,15,301,0.016371817000049305
12,12,300.0,cbs,07_communication_loss,16,301,0.013985159999947427
12,12,300.0,cbs,07_communication_loss,17,301,0.04245855500005291
12,12,300.0,cbs,07_communication_loss,18,301,0.0120817670000406
12,12,300.0,cbs,07_communication_loss,19,301,0.03276663399992685
12,12,300.0,cbs,07_communication_loss,2,301,0.010277466000047752
12,12,300.0,cbs,07_communication_loss,20,301,0.02629077899996446
12,12,300.0,cbs,07_communication_loss,21,301,0.05349399199997151
12,12,300.0,cbs,07_communication_loss,22,301,0.03246564500000204
12,12,300.0,cbs,07_communication_loss,23,301,0.061717011000041566
12,12,300.0,cbs,07_communication_loss,24,301,0.04171819199996207
12,12,300.0,cbs,07_communication_loss,25,301,0.015721263999921575
12,12,300.0,cbs,07_communication_loss,26,301,0.018433752999953867
12,12,300.0,cbs,07_communication_loss,27,301,0.010813460999997915
12,12,300.0,cbs,07_communication_loss,28,301,0.01651743100001113
12,12,300.0,cbs,07_communication_loss,29,301,0.021492769000019507
12,12,300.0,cbs,07_communication_loss,3,301,0.018073273999902995
12,12,300.0,cbs,07_communication_loss,4,301,0.014888844999973117
12,12,300.0,cbs,07_communication_loss,5,301,0.014126244000067345
12,12,300.0,cbs,07_communication_loss,6,301,0.01204976600001828
12,12,300.0,cbs,07_communication_loss,7,301,0.01146080000000893
12,12,300.0,cbs,07_communication_loss,8,301,0.017203380000069046
12,12,300.0,cbs,07_communication_loss,9,301,0.01467562999994243
12,12,300.0,orca,07_communication_loss,0,300,0.007360955000081049
12,12,300.0,orca,07_communication_loss,1,300,0.009347161000050619
12,12,300.0,orca,07_communication_loss,10,300,0.007569220999926074
12,12,300.0,orca,07_communication_loss,11,300,0.0012476250000190703
12,12,300.0,orca,07_communication_loss,12,300,0.0055865560000256664
12,12,300.0,orca,07_communication_loss,13,300,0.005427180999959091
12,12,300.0,orca,07_communication_loss,14,300,0.0013761180000528839
12,12,300.0,orca,07_communication_loss,15,300,0.0013250370000150724
12,12,300.0,orca,07_communication_loss,16,300,0.004938765000019885
12,12,300.0,orca,07_communication_loss,17,300,0.009424723000051927
12,12,300.0,orca,07_communication_loss,18,300,0.0072945140000229
12,12,300.0,orca,07_communication_loss,19,300,0.0067883789999996225
12,12,300.0,orca,07_communication_loss,2,300,0.002229942000099072
12,12,300.0,orca,07_communication_loss,20,300,0.007170169999994869
12,12,300.0,orca,07_communication_loss,21,300,0.007223801999998614
12,12,300.0,orca,07_communication_loss,22,300,0.002534179999997832
12,12,300.0,orca,07_communication_loss,23,300,0.0011218910000252436
12,12,300.0,orca,07_communication_loss,24,300,0.011737867999954688
12,12,300.0,orca,07_communication_loss,25,300,0.0024592490000259204
12,12,300.0,orca,07_communication_loss,26,300,0.004357201999937388
12,12,300.0,orca,07_communication_loss,27,300,0.005985076999991179
12,12,300.0,orca,07_communication_loss,28,300,0.007721836000087023
12,12,300.0,orca,07_communication_loss,29,300,0.00939132200005588
12,12,300.0,orca,07_communication_loss,3,300,0.0035813800000141782
12,12,300.0,orca,07_communication_loss,4,300,0.0072903509999378
12,12,300.0,orca,07_communication_loss,5,300,0.008558388999972522
12,12,300.0,orca,07_communication_loss,6,300,0.004433473000062804
12,12,300.0,orca,07_communication_loss,7,300,0.005962715999999091
12,12,300.0,orca,07_communication_loss,8,300,0.007260192999979154
12,12,300.0,orca,07_communication_loss,9,300,0.00548774300000332
12,12,300.0,sdacs_hybrid,07_communication_loss,0,300,0.03630972299993118
12,12,300.0,sdacs_hybrid,07_communication_loss,1,300,0.04838124000002608
12,12,300.0,sdacs_hybrid,07_communication_loss,10,300,0.0632571140000664
12,12,300.0,sdacs_hybrid,07_communication_loss,11,300,0.06168967700000394
12,12,300.0,sdacs_hybrid,07_communication_loss,12,300,0.06908411400002024
12,12,300.0,sdacs_hybrid,07_communication_loss,13,300,0.06254975500007731
12,12,300.0,sdacs_hybrid,07_communication_loss,14,300,0.07075289700003395
12,12,300.0,sdacs_hybrid,07_communication_loss,15,300,0.05468196499998612
12,12,300.0,sdacs_hybrid,07_communication_loss,16,300,0.06563460100005614
12,12,300.0,sdacs_hybrid,07_communication_loss,17,300,0.06497763200002282
12,12,300.0,sdacs_hybrid,07_communication_loss,18,300,0.021561249000001226
12,12,300.0,sdacs_hybrid,07_communication_loss,19,300,0.09477403400001094
12,12,300.0,sdacs_hybrid,07_communication_loss,2,300,0.06759878499997285
12,12,300.0,sdacs_hybrid,07_communication_loss,20,300,0.08067620600002101
12,12,300.0,sdacs_hybrid,07_communication_loss,21,300,0.08909741999991638
12,12,300.0,sdacs_hybrid,07_communication_loss,22,300,0.0701061080000045
12,12,300.0,sdacs_hybrid,07_communication_loss,23,300,0.06640890299991042
12,12,300.0,sdacs_hybrid,07_communication_loss,24,300,0.07045796500005963
12,12,300.0,sdacs_hybrid,07_communication_loss,25,300,0.07213376400000016
12,12,300.0,sdacs_hybrid,07_communication_loss,26,300,0.06090568499996607
12,12,300.0,sdacs_hybrid,07_communication_loss,27,300,0.06052734899992629
12,12,300.0,sdacs_hybrid,07_communication_loss,28,300,0.05340216000001874
12,12,300.0,sdacs_hybrid,07_communication_loss,29,300,0.0742323120000492
12,12,300.0,sdacs_hybrid,07_communication_loss,3,300,0.04853010700003324
12,12,300.0,sdacs_hybrid,07_communication_loss,4,300,0.06354900100006944
12,12,300.0,sdacs_hybrid,07_communication_loss,5,300,0.05205398200007494
12,12,300.0,sdacs_hybrid,07_communication_loss,6,300,0.10091611500001818
12,12,300.0,sdacs_hybrid,07_communication_loss,7,300,0.059302924000007806
12,12,300.0,sdacs_hybrid,07_communication_loss,8,300,0.07476476600004389
12,12,300.0,sdacs_hybrid,07_communication_loss,9,300,0.05371909800010144
12,12,300.0,vo,07_communication_loss,0,300,0.19030550499996934
12,12,300.0,vo,07_communication_loss,1,300,0.20727413600002365
11,12,300.0,vo,07_communication_loss,10,300,0.20635147600000892
11,12,300.0,vo,07_communication_loss,11,300,0.2272888199998988
9,12,300.0,vo,07_communication_loss,12,300,0.3731297629999517
12,12,300.0,vo,07_communication_loss,13,300,0.24810084499995355
11,12,300.0,vo,07_communication_loss,14,300,0.28260882299991863
11,12,300.0,vo,07_communication_loss,15,300,0.2703920530000232
11,12,300.0,vo,07_communication_loss,16,300,0.2674398450000126
8,12,300.0,vo,07_communication_loss,17,300,0.3865330130000757
11,12,300.0,vo,07_communication_loss,18,300,0.20824304200004917
11,12,300.0,vo,07_communication_loss,19,300,0.19430997999995725
11,12,300.0,vo,07_communication_loss,2,300,0.224640503000046
11,12,300.0,vo,07_communication_loss,20,300,0.2088666799999146
11,12,300.0,vo,07_communication_loss,21,300,0.21709809600008612
10,12,300.0,vo,07_communication_loss,22,300,0.22441643100000874
10,12,300.0,vo,07_communication_loss,23,300,0.2535581820000061
10,12,300.0,vo,07_communication_loss,24,300,0.23355418800008465
10,12,300.0,vo,07_communication_loss,25,300,0.22762795899996036
12,12,300.0,vo,07_communication_loss,26,300,0.16405311899995922
11,12,300.0,vo,07_communication_loss,27,300,0.2695146080000086
12,12,300.0,vo,07_communication_loss,28,300,0.2322901490000504
10,12,300.0,vo,07_communication_loss,29,300,0.25000109400002657
11,12,300.0,vo,07_communication_loss,3,300,0.2931901790000211
10,12,300.0,vo,07_communication_loss,4,300,0.2542338360000258
10,12,300.0,vo,07_communication_loss,5,300,0.2781575389999489
10,12,300.0,vo,07_communication_loss,6,300,0.24223681099999794
11,12,300.0,vo,07_communication_loss,7,300,0.24798181200003455
10,12,300.0,vo,07_communication_loss,8,300,0.23269288099993446
11,12,300.0,vo,07_communication_loss,9,300,0.21721952899997632
200,200,300.0,cbs,08_stress_high_density,0,301,0.053892923999910636
200,200,300.0,cbs,08_stress_high_density,1,301,0.055952994999984185
200,200,300.0,cbs,08_stress_high_density,10,301,0.06092579200003456
200,200,300.0,cbs,08_stress_high_density,11,301,0.058647406000090996
200,200,300.0,cbs,08_stress_high_density,12,301,0.04493584300007569
200,200,300.0,cbs,08_stress_high_density,13,301,0.07197928699997647
200,200,300.0,cbs,08_stress_high_density,14,301,0.06926787199995488
200,200,300.0,cbs,08_stress_high_density,15,301,0.04553484100006244
200,200,300.0,cbs,08_stress_high_density,16,301,0.06160870899998372
200,200,300.0,cbs,08_stress_high_density,17,301,0.051417018000165626
200,200,300.0,cbs,08_stress_high_density,18,301,0.06990453499997784
200,200,300.0,cbs,08_stress_high_density,19,301,0.046375043000125515
200,200,300.0,cbs,08_stress_high_density,2,301,0.05041672599998037
200,200,300.0,cbs,08_stress_high_density,20,301,0.042336631000125635
200,200,300.0,cbs,08_stress_high_density,21,301,0.05796572700000979
200,200,300.0,cbs,08_stress_high_density,22,301,0.05270605999999134
200,200,300.0,cbs,08_stress_high_density,23,301,0.06240558100012095
200,200,300.0,cbs,08_stress_high_density,24,301,0.05814253199991981
200,200,300.0,cbs,08_stress_high_density,25,301,0.058524712999997064
200,200,300.0,cbs,08_stress_high_density,26,301,0.04745114599995759
200,200,300.0,cbs,08_stress_high_density,27,301,0.04578412700016088
200,200,300.0,cbs,08_stress_high_density,28,301,0.05864505299996381
200,200,300.0,cbs,08_stress_high_density,29,301,0.06671503300003678
200,200,300.0,cbs,08_stress_high_density,3,301,0.05795800600003531
200,200,300.0,cbs,08_stress_high_density,4,301,0.058377308999979505
200,200,300.0,cbs,08_stress_high_density,5,301,0.049800784000012754
200,200,300.0,cbs,08_stress_high_density,6,301,0.04861727700006213
200,200,300.0,cbs,08_stress_high_density,7,301,0.05282109299992044
200,200,300.0,cbs,08_stress_high_density,8,301,0.04802872999994179
200,200,300.0,cbs,08_stress_high_density,9,301,0.05181081099999574
200,200,300.0,orca,08_stress_high_density,0,300,0.06777897099993879
200,200,300.0,orca,08_stress_high_density,1,300,0.04152810799996587
200,200,300.0,orca,08_stress_high_density,10,300,0.07132187899992459
200,200,300.0,orca,08_stress_high_density,11,300,0.06175951199998053
200,200,300.0,orca,08_stress_high_density,12,300,0.05011786300008225
200,200,300.0,orca,08_stress_high_density,13,300,0.03673530900005062
200,200,300.0,orca,08_stress_high_density,14,300,0.016567671999951017
200,200,300.0,orca,08_stress_high_density,15,300,0.026172034999945026
200,200,300.0,orca,08_stress_high_density,16,300,0.017343394000022272
200,200,300.0,orca,08_stress_high_density,17,300,0.07853469099995891
200,200,300.0,orca,08_stress_high_density,18,300,0.06454016999998657
200,200,300.0,orca,08_stress_high_density,19,300,0.06227342700003646
200,200,300.0,orca,08_stress_high_density,2,300,0.04497349400003259
200,200,300.0,orca,08_stress_high_density,20,300,0.06085534800001824
200,200,300.0,orca,08_stress_high_density,21,300,0.05524333100004242
200,200,300.0,orca,08_stress_high_density,22,300,0.05575555500001883
200,200,300.0,orca,08_stress_high_density,23,300,0.05353039900001022
200,200,300.0,orca,08_stress_high_density,24,300,0.0473816019999731
200,200,300.0,orca,08_stress_high_density,25,300,0.027673456999991686
200,200,300.0,orca,08_stress_high_density,26,300,0.01742504599997119
200,200,300.0,orca,08_stress_high_density,27,300,0.03547841900001458
200,200,300.0,orca,08_stress_high_density,28,300,0.05571843500001705
200,200,300.0,orca,08_stress_high_density,29,300,0.051178959000026225
200,200,300.0,orca,08_stress_high_density,3,300,0.057113253000011355
200,200,300.0,orca,08_stress_high_density,4,300,0.04366594800001167
200,200,300.0,orca,08_stress_high_density,5,300,0.05125306900004034
200,200,300.0,orca,08_stress_high_density,6,300,0.01887173700004041
200,200,300.0,orca,08_stress_high_density,7,300,0.01878031999990526
200,200,300.0,orca,08_stress_high_density,8,300,0.09233948500002498
200,200,300.0,orca,08_stress_high_density,9,300,0.08050211799991303
200,200,300.0,sdacs_hybrid,08_stress_high_density,17,300,1.0825736120000329
200,200,300.0,sdacs_hybrid,08_stress_high_density,18,300,1.0170019180000054
200,200,300.0,sdacs_hybrid,08_stress_high_density,19,300,1.0669763220000732
0,200,300.0,vo,08_stress_high_density,0,13,6.251687545999971
0,200,300.0,vo,08_stress_high_density,1,13,6.17526168400002
0,200,300.0,vo,08_stress_high_density,10,13,6.2427380709999625
0,200,300.0,vo,08_stress_high_density,11,13,6.472356803999901
1,200,300.0,vo,08_stress_high_density,12,13,6.173704676999932
0,200,300.0,vo,08_stress_high_density,13,13,6.220654437000007
0,200,300.0,vo,08_stress_high_density,14,13,6.219924539999965
0,200,300.0,vo,08_stress_high_density,15,13,6.353780337999979
0,200,300.0,vo,08_stress_high_density,16,13,6.076538529999993
0,200,300.0,vo,08_stress_high_density,17,13,6.079828825999925
0,200,300.0,vo,08_stress_high_density,18,14,6.638231018000056
0,200,300.0,vo,08_stress_high_density,19,13,6.027595789999964
1,200,300.0,vo,08_stress_high_density,2,13,6.186493817000041
0,200,300.0,vo,08_stress_high_density,20,14,6.602021132999994
1,200,300.0,vo,08_stress_high_density,21,13,6.112431710999999
0,200,300.0,vo,08_stress_high_density,22,13,6.24040018200003
0,200,300.0,vo,08_stress_high_density,23,13,6.164969277000068
0,200,300.0,vo,08_stress_high_density,24,13,6.237101624000047
0,200,300.0,vo,08_stress_high_density,25,13,6.268007361999935
0,200,300.0,vo,08_stress_high_density,26,13,6.178898801000059
0,200,300.0,vo,08_stress_high_density,27,13,6.013552798999967
0,200,300.0,vo,08_stress_high_density,28,13,6.23516787899996
0,200,300.0,vo,08_stress_high_density,29,13,6.3671082110000725
0,200,300.0,vo,08_stress_high_density,3,13,6.29881143099999
1,200,300.0,vo,08_stress_high_density,4,13,6.132720511999992
0,200,300.0,vo,08_stress_high_density,5,13,6.453131357000075
0,200,300.0,vo,08_stress_high_density,6,13,6.2549780059999875
0,200,300.0,vo,08_stress_high_density,7,13,6.1096212060000425
0,200,300.0,vo,08_stress_high_density,8,13,6.481776566000008
0,200,300.0,vo,08_stress_high_density,9,13,6.334454573000016
